Zone_ID,CtryName,Longitude,Latitude,Area sq.Km,Max Capacity MW,RoadDist,T_Dist_gf,D_Dist_gf,TD_Dist_gf,SubstnDist,Load_dst,City_name,City_Pop,CtLst100kM,CtCnt100kM,PopIn100kM,GHIkWhm2d,RawERA_GHI,CorAdderWh,CF,Y_GWh,sLCOE-MWh,tLCOE-MWh,tCAPEX-kW,rLCOE-MWh,rCAPEX-kW,LCOE-MWh,trCAPEX-kW,cluster,weights,TD_Dist_gf_,trCAPEX-kW_,Latitude_,Longitude_
94,Benin,1.663417457,10.22978583,549.4068701,1813.042671,1.396534959,26.64088875,3.384885516,3.384885516,26.30043632,29.30393753,Natitingou,49821,"Djougou, Natitingou",2,152428,5.543361005,5.556260772,-1.007578696,18.25728447,2899.668258,111.4367263,6.661805384,104.1906934,0.837867713,12.16354018,118.9363994,116.3542336,0,0.15905713896518286,0.5383902058996467,18.506971502902548,1.6271204663463688,0.2645784216151601
102,Benin,1.41079263,10.22296124,545.580852,1800.416812,1.307713039,15.52715075,3.830037163,3.830037163,1.308748966,10.06105683,Natitingou,49821,"Djougou, Natitingou",2,152428,5.483607606,5.517141929,-2.665511335,18.08387078,2852.125035,112.4642964,5.965734848,92.41791079,0.792101591,11.38991903,119.2221328,103.8078298,0,0.15794947997753744,0.6049523781904929,16.396392734506712,1.6147114116885213,0.2228339622646424
101,Benin,1.428243381,10.03248913,451.1901855,1488.927612,1.383929344,4.771551101,5.212265723,4.771551101,24.04680947,33.37668071,Natitingou,49821,"Djougou, Natitingou",2,152428,5.457656811,5.484163407,-2.094135814,17.9735653,2344.293179,113.1282337,5.262369549,81.02450408,0.843411484,12.0537478,119.2340147,93.07825188,0,0.13062272051234136,0.6232729858762777,12.158134481098552,1.3104710236710928,0.18656103597996446
106,Benin,1.380792256,9.699964211,7.558718723,24.94377178,1.786202951,1.211755903,2.631556597,1.211755903,64.75672351,28.21496565,Djougou,102607,"Djougou, Natitingou, Sokode",3,234068,5.441777812,5.469009475,-2.1551511,17.94621735,39.21382026,113.2941057,5.025104201,77.25361303,1.090228939,15.55747047,119.4094389,92.81108349,1,0.004862017735974029,0.005891578692057225,0.4512491340233464,0.04716139803219532,0.006713436438367592
91,Benin,1.640827523,9.634161308,328.7576057,1084.900099,1.460989096,4.520537234,2.865379255,2.865379255,76.75694213,8.76335068,Djougou,102607,"Djougou, Natitingou, Sokode",3,234068,5.443324661,5.488724839,-3.649210462,17.94537717,1705.479272,113.2992097,5.253338839,80.75860509,0.891772776,12.72492283,119.4443213,93.48352792,1,0.2114677591512978,0.6059353301734652,19.768752166800184,2.0373145031048963,0.34698211944258456
92,Benin,1.664813982,9.815169237,518.8453839,1712.189767,1.770822883,9.173593541,4.507987287,4.507987287,57.12637686,13.81779124,Djougou,102607,"Djougou, Natitingou",2,152428,5.465003807,5.488724839,-1.86759628,18.01354749,2701.812783,112.8866383,5.552874559,85.68758764,1.076801626,15.42351314,119.5163145,101.1111008,1,0.3337385014555822,1.5044889217441955,33.74466726151632,3.27569987268931,0.5556125235549806
99,Benin,1.464536036,9.628716994,241.5990466,797.2768537,1.619691192,6.616884378,2.953987133,2.953987133,73.80594171,21.86257022,Djougou,102607,"Djougou, Natitingou, Sokode",3,234068,5.441564037,5.469009475,-2.17206953,17.94549269,1253.339274,113.2985078,5.397757827,82.97926562,0.988636546,14.10718635,119.6849022,97.08645197,1,0.1554044928473512,0.459062872281466,15.08767083074657,1.4963458812232417,0.22759547993125007
100,Benin,1.453906111,9.813523971,349.2408002,1152.494641,1.900943475,6.352179059,4.814777441,4.814777441,51.08544943,25.01110862,Djougou,102607,"Djougou, Natitingou",2,152428,5.446820007,5.469009475,-1.745883967,17.96189726,1813.406753,113.1989415,5.374604698,82.69886328,1.159249244,16.55683748,119.7327954,99.25570076,1,0.22464322695775646,1.0816071414296489,22.29712091267984,2.2045416926727364,0.32661016046864205
93,Benin,1.667213094,10.02176867,565.4574827,1866.009693,2.347443038,15.38439241,4.748364873,4.748364873,36.7265614,39.2160853,Djougou,102607,"Djougou, Natitingou",2,152428,5.494946013,5.512988658,-1.412908211,18.09346986,2957.602897,112.4069016,5.952813275,92.26668687,1.421127448,20.44575937,119.7808424,112.7124462,0,0.1637039038282399,0.7773258665109846,18.451467452970466,1.6406026545425478,0.2729292920013583
103,Benin,1.411888624,10.43430571,545.3008995,1799.492968,1.182552765,40.04320153,3.315160839,3.315160839,25.55329214,16.5912467,Natitingou,49821,"Djougou, Natitingou",2,152428,5.528125433,5.589972117,-5.04447811,18.20943607,2870.45509,111.7182989,7.589436204,118.3877634,0.711350855,10.29979808,120.019086,128.6875615,0,0.15786843170115622,0.5233592424900192,20.315703513451087,1.6472474783281195,0.22289264280758342
188,Benin,1.709264546,9.58776561,45.07235979,148.7387873,1.392250237,5.335444023,5.62511148,5.335444023,84.45036558,14.82725995,Djougou,102607,"Djougou, Natitingou, Parakou, Sokode",4,361580,5.418060036,5.446792945,-2.277913069,17.84307443,232.4866553,113.9242681,5.339933725,81.62183585,0.854687672,12.12622112,120.1188895,93.74805697,1,0.02899203168863617,0.15468536218776044,2.7179466384223088,0.2779688043883361,0.04955505188189432
95,Benin,1.667489393,10.43211895,569.7034297,1880.021318,1.675128055,45.62244181,3.898775711,3.898775711,36.70385332,32.53113598,Natitingou,49821,"Djougou, Natitingou",2,152428,5.55961308,5.628505621,-5.620424074,18.28465342,3011.297149,111.2763313,7.935532746,124.2978526,1.003508616,14.59003034,120.2153727,138.8878829,0,0.16493313523045716,0.6430373015755847,22.907213972217598,1.7206020855205646,0.27502425355102195
108,Benin,1.237891655,10.10017838,46.42546376,153.2040304,1.011040918,16.00689621,8.040351297,8.040351297,22.22929182,28.53712115,Natitingou,49821,"Djougou, Natitingou",2,152428,5.441702163,5.46974574,-2.221815867,17.90414521,240.2856793,113.5502731,6.058754268,92.92610515,0.618550222,8.805964189,120.2275776,101.7320693,1,0.029862392888983697,0.24010412939646367,3.0379630228459167,0.30161549503237883,0.03696640695560426
109,Benin,1.22964877,10.22519473,227.5081018,750.7767359,1.105357228,24.66018586,3.278452939,3.278452939,16.74782633,17.76220221,Natitingou,49821,"Djougou, Natitingou",2,152428,5.469872739,5.513000586,-3.461227827,18.00500913,1184.154198,112.9381418,6.619113626,102.0925349,0.672464149,9.627440384,120.2297196,111.7199753,0,0.06586518978508514,0.21593592502870518,7.358457375919524,0.6734843914809024,0.08099104960504651
202,Benin,1.37278537,9.810317985,10.77817299,35.56797088,1.376826672,12.26928391,1.39152483,1.39152483,51.22592673,31.90505723,Djougou,102607,"Djougou, Natitingou",2,152428,5.421636321,5.445775489,-1.905448998,17.87900274,55.70657875,113.7039351,5.808769325,88.96685245,0.843520819,11.99188494,120.3562253,100.9587374,1,0.006932877143697462,0.009647270688794497,0.6999345229770142,0.06801372933061064,0.009517352314875263
193,Benin,1.36389768,9.573787197,6.368920405,21.01743734,1.589518389,12.20379135,1.93202512,1.93202512,80.31924679,33.81158694,Djougou,102607,"Djougou, Natitingou, Sokode",3,234068,5.41900003,5.416828159,0.164330995,17.88046256,32.92021152,113.6950014,5.803765775,88.89747617,0.973748123,13.84438727,120.4725153,102.7418634,1,0.0040967001307210815,0.007914927561660413,0.4209026052213075,0.03922093526144572,0.00558747980394618
44,Benin,2.692638975,10.05877678,338.5559448,1117.234618,2.308806636,5.580111975,4.090933644,4.090933644,130.1667566,88.00348444,Parakou,127512,Parakou,1,127512,5.44560644,5.612696277,-13.91462249,17.87441324,1749.3644,113.7320312,5.347497693,81.88101262,1.414866924,20.10924403,120.4943958,101.9902566,2,1.0,4.090933644,101.9902566,10.05877678,2.692638975
