Zone_ID,Country,Cluster,Silhouette_s(i)
277,Libya,2,0.18621097942396886
277,Libya,2,0.19494384623007205
277,Libya,2,0.12992696009063262
277,Libya,2,0.09074721394539524
277,Libya,2,0.11098946377141053
277,Libya,2,0.0036695198660412326
714,Libya,2,0.07614945370490803
714,Libya,2,0.19155709308765037
248,Libya,2,0.19476832949636586
248,Libya,2,0.1925883944011336
248,Libya,2,0.09271220505469902
248,Libya,2,0.10487168058504757
248,Libya,2,0.05572119131743614
158,Libya,2,0.1825976230259384
158,Libya,2,0.05374953474752072
247,Libya,2,0.2017795193806247
247,Libya,2,0.19217139834874453
247,Libya,2,0.09419989714747111
247,Libya,2,0.10465531392777068
247,Libya,2,-0.01489348145727559
247,Libya,2,0.011668194404432015
246,Libya,2,0.1986637604334396
246,Libya,2,0.09307577618656887
246,Libya,2,0.1005518479692762
246,Libya,2,0.141849343579363
246,Libya,2,0.09328068154232763
2012,Libya,2,0.07971593963465325
632,Libya,1,-0.15243784315444428
632,Libya,1,-0.07694305878314256
632,Libya,1,0.29084865806244153
245,Libya,2,0.2030432843733899
245,Libya,2,0.09261752176341118
245,Libya,2,0.09531595138791693
245,Libya,2,0.05961454998393752
179,Libya,2,0.19641975952574645
179,Libya,2,0.0773371077616082
179,Libya,2,0.0803684382227999
249,Libya,2,0.20999311197677137
249,Libya,2,0.10453544099798251
249,Libya,2,0.08108366023848133
1224,Libya,1,0.29670562996936173
278,Libya,2,0.20889302053466344
278,Libya,2,0.1388347262323958
278,Libya,2,0.09040818376200668
278,Libya,2,0.11040555751932181
621,Libya,1,-0.14835768849608957
621,Libya,1,0.28372513842487496
1750,Libya,2,0.15714356438341082
1750,Libya,2,0.025045989227353894
223,Libya,2,0.2017909044622094
223,Libya,2,0.10662480724993345
223,Libya,2,0.09675458894702742
223,Libya,2,0.15191855247067776
223,Libya,2,0.013581476603232882
222,Libya,2,0.2003279453129526
222,Libya,2,0.10662958458281678
222,Libya,2,0.0977383734949127
222,Libya,2,0.15105035751631798
222,Libya,2,0.02145400004683063
631,Libya,1,-0.16633595367697807
631,Libya,1,-0.0787186029914738
631,Libya,1,0.28456695883914224
1223,Libya,1,0.2976089961706762
276,Libya,2,0.19978438366875248
276,Libya,2,0.13054819715837243
276,Libya,2,0.09098434486618308
276,Libya,2,0.11176781792858985
276,Libya,2,0.055041029892261416
1225,Libya,1,-0.1429409587621028
1225,Libya,1,0.29374223341355427
244,Libya,2,0.19097323927533583
244,Libya,2,0.09247636654777458
244,Libya,2,0.09901736322590088
244,Libya,2,0.1432019641409743
244,Libya,2,0.06920125224261396
1805,Libya,2,0.049554313444751974
1249,Libya,1,-0.10161104160744144
1249,Libya,1,0.28988062734678505
2095,Libya,2,0.10705978905191511
2095,Libya,2,0.0596345152400487
622,Libya,1,-0.14809035416886057
622,Libya,1,0.2843934630706394
609,Libya,1,-0.16715864893154087
609,Libya,1,0.2661274589609138
979,Libya,1,0.3081666578718993
221,Libya,2,0.20176622917517967
221,Libya,2,0.1175100790423875
221,Libya,2,0.09707204628537423
221,Libya,2,0.15189066439376855
221,Libya,2,0.021542165885090826
1721,Libya,2,0.15243955572615486
1721,Libya,2,0.00331732338479508
1139,Libya,1,0.31888815976536844
1804,Libya,2,0.05269638504051461
2051,Libya,1,-0.13046339346078972
2051,Libya,1,0.31734614318744164
1777,Libya,2,0.1452759488994089
1777,Libya,2,0.03764118709712815
1192,Libya,1,0.30538934939444484
306,Libya,2,0.20408071302284814
306,Libya,2,0.1279238360626271
306,Libya,2,-0.00295267196194052
306,Libya,2,0.11644769861641444
306,Libya,2,0.08593766278352606
797,Libya,1,-0.14910468599408888
797,Libya,1,0.31515535950666124
797,Libya,1,-0.033331581146766896
798,Libya,1,-0.1502786942500821
798,Libya,1,0.31513117313152006
798,Libya,1,-0.024686876746510062
1803,Libya,2,0.044059609178189615
1247,Libya,1,0.287213288722385
1751,Libya,2,0.03060731069208844
2054,Libya,1,-0.13432613574890864
2054,Libya,1,-0.14014261869853809
2054,Libya,1,0.31183731809859616
279,Libya,2,0.20513920612826972
279,Libya,2,0.13884608434589568
279,Libya,2,0.07802773521056919
279,Libya,2,0.10838372266395718
279,Libya,2,0.055354024452055534
619,Libya,1,-0.1566888222660308
619,Libya,1,0.26822482803571585
2081,Libya,1,-0.15169307858499473
2081,Libya,1,0.3177726682727473
726,Libya,1,-0.159007781041915
726,Libya,1,0.3146672969459353
1330,Libya,1,0.23651457040670323
217,Libya,2,0.19789020548764677
217,Libya,2,0.12308396308570546
217,Libya,2,0.08209166218561938
217,Libya,2,0.15178093344009252
217,Libya,2,0.020942520157187883
1775,Libya,2,0.021228185403745135
310,Libya,2,0.2039675620642766
310,Libya,2,0.1290777039727196
310,Libya,2,0.1114579894334888
310,Libya,2,0.019792399498236475
1245,Libya,1,-0.10549300435769393
1245,Libya,1,0.28626280764498707
1188,Libya,1,0.2983717127310703
253,Libya,2,0.194477405077201
253,Libya,2,0.09522646860272556
253,Libya,2,0.201709245360724
253,Libya,2,0.03348855580034392
253,Libya,2,0.08686845413180055
1219,Libya,1,0.29993128897390775
620,Libya,1,-0.14875651358349976
620,Libya,1,0.27594367154630295
1748,Libya,2,0.15386698969740234
1748,Libya,2,0.007929134630960928
2090,Libya,1,-0.12741147646605047
2090,Libya,1,0.31632675152536854
157,Libya,2,0.19678922089025666
157,Libya,2,0.0645639069155284
157,Libya,2,0.06375789218172312
1774,Libya,2,0.022323108494574764
1112,Libya,1,-0.11294346325747462
1112,Libya,1,0.3174576029248214
1113,Libya,1,-0.12357233756879975
1113,Libya,1,0.31587758065072685
1722,Libya,2,0.16523081549454777
1722,Libya,2,0.010402540014707804
825,Libya,1,0.3055446835778627
825,Libya,1,0.004361555315564359
696,Libya,1,-0.1452115622701682
696,Libya,1,0.3145095614171786
696,Libya,1,-0.20019586387265884
159,Libya,2,0.19695264021163178
159,Libya,2,0.06614880518948085
159,Libya,2,0.05335204849927204
159,Libya,2,0.14164259164091794
159,Libya,2,0.07734766623914549
1114,Libya,1,0.3193822407207351
1248,Libya,1,-0.10444172760707121
1248,Libya,1,0.28329368670894367
1862,Libya,2,0.15150699477639284
1862,Libya,2,0.13190120258960322
1862,Libya,2,0.08010423153614982
341,Libya,2,0.2010641080421869
341,Libya,2,0.12366511533341369
341,Libya,2,-0.030123590280494758
341,Libya,2,0.04563374443271043
2069,Libya,2,0.08378815229015961
642,Libya,1,-0.15552606481760384
642,Libya,1,0.2938150065817344
1222,Libya,1,0.29611732703751553
1238,Libya,1,-0.12876861133171372
1238,Libya,1,0.27758169446135306
1238,Libya,1,-0.053850486125449216
1189,Libya,1,-0.14263203810957512
1189,Libya,1,0.304475961801234
201,Libya,2,0.20064982387988026
201,Libya,2,0.11710387267527425
201,Libya,2,0.08931715251362173
201,Libya,2,0.1476125529776914
201,Libya,2,-0.0031367589445992477
201,Libya,2,0.021393158520913728
1164,Libya,1,0.3133253030397906
2053,Libya,1,-0.1354755623141912
2053,Libya,1,0.3166296666703939
1261,Libya,1,0.2592106126064844
1329,Libya,1,0.23628046505563738
137,Libya,2,0.19760505687812802
137,Libya,2,0.18942509710598313
137,Libya,2,0.042074683546902275
137,Libya,2,0.2009666168870847
1243,Libya,1,-0.09025608710462345
1243,Libya,1,0.2857634210878223
1165,Libya,1,-0.14153874243792025
1165,Libya,1,0.3151073196583832
1833,Libya,2,0.17462379698901695
1833,Libya,2,0.06645838180658932
136,Libya,2,0.19470935271402923
136,Libya,2,0.07544850132284027
136,Libya,2,0.04181734599216228
136,Libya,2,0.2019908349918417
1191,Libya,1,0.3017227289154652
1166,Libya,1,-0.14409688209960386
1166,Libya,1,0.31353894410026467
2092,Libya,2,0.08976141367556177
623,Libya,1,-0.17589960358805953
623,Libya,1,0.2864071896595209
1244,Libya,1,0.2914873772319967
1009,Libya,1,0.3123928009453711
830,Libya,1,-0.07531188799745883
830,Libya,1,0.3177190097910426
830,Libya,1,-0.0305814924807181
888,Libya,1,-0.16919007756899135
888,Libya,1,-0.1026633232385184
888,Libya,1,0.31533590552727087
1695,Libya,2,-0.012533750266910166
1193,Libya,1,-0.1309220361720629
1193,Libya,1,0.3062801480447974
919,Libya,1,-0.017667679595217835
919,Libya,1,0.3152784161631777
182,Libya,2,0.1969172930612527
182,Libya,2,0.058827255007139236
182,Libya,2,0.010295663360248612
182,Libya,2,0.08050496659810233
1713,Libya,2,0.16338464605529027
1713,Libya,2,-0.0367029467698589
1187,Libya,1,-0.12357677805243045
1187,Libya,1,0.2941786389555219
1778,Libya,2,0.1506218366104494
1778,Libya,2,0.04371323793618138
1006,Libya,1,0.3129371939954991
1749,Libya,2,0.017617735715508804
1308,Libya,1,0.24714371704746477
1262,Libya,1,0.26325370014697624
2077,Libya,1,0.3143188848119017
1218,Libya,1,0.2956961266508425
1137,Libya,1,0.31849770303901015
694,Libya,1,-0.14593116072411508
694,Libya,1,0.31927319134892046
1138,Libya,1,0.317294190056781
613,Libya,1,-0.179121735372971
613,Libya,1,-0.09035462747520358
613,Libya,1,0.2819658240282421
613,Libya,1,-0.19993326394150576
978,Libya,1,0.30571917330955795
1696,Libya,2,-0.005930332907711267
1087,Libya,1,0.3189876804846336
1087,Libya,1,-0.042895498084984336
1162,Libya,1,0.30942422406903497
857,Libya,1,-0.09681843703578015
857,Libya,1,0.3122602687999986
252,Libya,2,0.206485782920413
252,Libya,2,0.09566237158463722
252,Libya,2,0.0849635256668407
1064,Libya,1,0.3204808012792086
1034,Libya,1,0.3134262923169265
1260,Libya,1,-0.142146042976845
1260,Libya,1,-0.11112688051285437
1260,Libya,1,0.24896666756458738
1260,Libya,1,-0.03773718233450805
608,Libya,1,-0.16601928017131307
608,Libya,1,-0.12955298658764833
608,Libya,1,0.2586071404132077
1742,Libya,2,0.10675383991741035
1742,Libya,2,-0.019190107555966132
827,Libya,1,-0.10494817642322847
827,Libya,1,0.31584234250711696
1714,Libya,2,0.1655083679402467
1714,Libya,2,-0.03115899476434615
858,Libya,1,-0.10594204824974585
858,Libya,1,0.3164602357427463
768,Libya,1,0.3041172936888627
768,Libya,1,-0.022820252257052847
1269,Libya,1,0.2843338889869739
2082,Libya,1,0.3189326343916064
1217,Libya,1,0.2982501459277137
1217,Libya,1,-0.07646313346559508
280,Libya,2,0.16886196616321017
280,Libya,2,0.13880707416844165
280,Libya,2,0.1163924763496289
280,Libya,2,0.10466687608468649
280,Libya,2,-0.009854278269319837
280,Libya,2,0.07148203470272689
799,Libya,1,-0.14948264107007425
799,Libya,1,0.3147860590896569
