CtryName,Zone_ID,cluster
Burundi,1,1
Burundi,21,1
Burundi,14,1
Burundi,17,1
Burundi,3,1
Burundi,0,1
Burundi,32,1
Burundi,5,1
Burundi,31,1
Burundi,30,1
Burundi,33,1
Burundi,35,1
Burundi,38,1
Burundi,34,1
Burundi,25,1
Burundi,29,1
Burundi,36,1
Burundi,44,1
Burundi,26,1
Burundi,27,1
Burundi,41,1
Burundi,42,1
Burundi,43,1
Burundi,19,1
Burundi,20,1
Burundi,52,1
Burundi,40,1
Burundi,16,1
Burundi,39,1
Burundi,22,1
Burundi,15,1
Burundi,18,1
Burundi,23,1
Burundi,37,1
Burundi,45,1
Burundi,49,1
Burundi,28,1
Burundi,13,1
Burundi,56,1
Burundi,11,1
Burundi,9,1
Burundi,12,1
Burundi,57,1
Burundi,8,1
Burundi,24,1
Burundi,53,1
Burundi,7,1
Burundi,4,1
Burundi,10,1
Burundi,6,1
Burundi,55,1
Burundi,2,1
Burundi,51,1
Burundi,54,1
Burundi,50,1
Burundi,48,1
Burundi,58,1
Burundi,59,1
Burundi,60,1
Burundi,61,1
Burundi,46,1
Burundi,47,1
Burundi,62,1
DRC_S,458,7
DRC_S,14,7
DRC_S,19,7
DRC_S,8,7
DRC_S,11,7
DRC_S,457,7
DRC_S,430,7
DRC_S,16,7
DRC_S,10,7
DRC_S,516,1
DRC_S,463,7
DRC_S,490,7
DRC_S,462,7
DRC_S,2,7
DRC_S,312,10
DRC_S,17,7
DRC_S,12,7
DRC_S,488,7
DRC_S,13,7
DRC_S,478,7
DRC_S,484,7
DRC_S,512,1
DRC_S,3,7
DRC_S,9,7
DRC_S,518,1
DRC_S,364,7
DRC_S,459,7
DRC_S,418,7
DRC_S,15,7
DRC_S,427,7
DRC_S,495,1
DRC_S,433,7
DRC_S,465,7
DRC_S,305,10
DRC_S,337,10
DRC_S,0,7
DRC_S,18,7
DRC_S,429,7
DRC_S,486,7
DRC_S,507,1
DRC_S,370,7
DRC_S,411,7
DRC_S,362,7
DRC_S,292,10
DRC_S,477,7
DRC_S,344,7
DRC_S,401,7
DRC_S,435,7
DRC_S,302,10
DRC_S,471,7
DRC_S,424,7
DRC_S,352,10
DRC_S,4,7
DRC_S,422,7
DRC_S,511,1
DRC_S,426,7
DRC_S,415,7
DRC_S,321,10
DRC_S,311,10
DRC_S,467,7
DRC_S,303,10
DRC_S,294,10
DRC_S,421,7
DRC_S,404,7
DRC_S,521,1
DRC_S,1,7
DRC_S,336,10
DRC_S,481,1
DRC_S,316,10
DRC_S,325,10
DRC_S,298,10
DRC_S,290,10
DRC_S,308,10
DRC_S,524,1
DRC_S,306,10
DRC_S,307,10
DRC_S,320,10
DRC_S,277,10
DRC_S,334,7
DRC_S,7,7
DRC_S,287,10
DRC_S,300,10
DRC_S,289,10
DRC_S,310,10
DRC_S,301,10
DRC_S,413,7
DRC_S,343,10
DRC_S,272,10
DRC_S,416,7
DRC_S,468,7
DRC_S,403,7
DRC_S,5,7
DRC_S,331,10
DRC_S,341,7
DRC_S,317,10
DRC_S,281,10
DRC_S,367,10
DRC_S,283,10
DRC_S,244,10
DRC_S,469,7
DRC_S,323,7
DRC_S,405,7
DRC_S,304,10
DRC_S,324,10
DRC_S,355,7
DRC_S,309,10
DRC_S,239,10
DRC_S,279,10
DRC_S,407,7
DRC_S,451,7
DRC_S,285,10
DRC_S,470,7
DRC_S,472,7
DRC_S,410,7
DRC_S,282,10
DRC_S,284,10
DRC_S,449,7
DRC_S,286,10
DRC_S,276,10
DRC_S,271,10
DRC_S,291,10
DRC_S,213,10
DRC_S,6,7
DRC_S,275,10
DRC_S,460,7
DRC_S,409,7
DRC_S,328,7
DRC_S,249,10
DRC_S,270,10
DRC_S,476,1
DRC_S,3283,10
DRC_S,441,7
DRC_S,229,10
DRC_S,443,7
DRC_S,224,10
DRC_S,3248,10
DRC_S,3268,10
DRC_S,494,1
DRC_S,254,10
DRC_S,327,10
DRC_S,260,10
DRC_S,428,7
DRC_S,400,7
DRC_S,406,7
DRC_S,358,10
DRC_S,322,10
DRC_S,361,10
DRC_S,330,10
DRC_S,455,7
DRC_S,508,1
DRC_S,466,7
DRC_S,288,10
DRC_S,417,7
DRC_S,396,7
DRC_S,500,1
DRC_S,217,10
DRC_S,461,7
DRC_S,464,7
DRC_S,366,7
DRC_S,212,10
DRC_S,474,7
DRC_S,379,7
DRC_S,250,10
DRC_S,473,7
DRC_S,483,7
DRC_S,439,7
DRC_S,340,10
DRC_S,368,7
DRC_S,437,7
DRC_S,246,10
DRC_S,378,7
DRC_S,3254,10
DRC_S,504,1
DRC_S,3274,10
DRC_S,356,7
DRC_S,522,1
DRC_S,447,7
DRC_S,256,10
DRC_S,267,10
DRC_S,318,7
DRC_S,220,10
DRC_S,293,10
DRC_S,259,10
DRC_S,412,7
DRC_S,502,1
DRC_S,314,10
DRC_S,257,10
DRC_S,3281,10
DRC_S,245,10
DRC_S,3286,10
DRC_S,3273,10
DRC_S,450,7
DRC_S,238,10
DRC_S,3285,4
DRC_S,501,1
DRC_S,399,10
DRC_S,485,1
DRC_S,440,7
DRC_S,519,1
DRC_S,445,7
DRC_S,534,1
DRC_S,3200,10
DRC_S,353,7
DRC_S,3276,10
DRC_S,398,7
DRC_S,3189,3
DRC_S,3270,10
DRC_S,498,1
DRC_S,520,1
DRC_S,342,7
DRC_S,240,5
DRC_S,489,1
DRC_S,497,1
DRC_S,431,7
DRC_S,1855,9
DRC_S,3114,3
DRC_S,233,5
DRC_S,397,7
DRC_S,247,10
DRC_S,425,7
DRC_S,1872,9
DRC_S,395,7
DRC_S,446,7
DRC_S,3269,10
DRC_S,228,10
DRC_S,3047,3
DRC_S,278,10
DRC_S,506,1
DRC_S,230,5
DRC_S,3092,3
DRC_S,3074,3
DRC_S,492,1
DRC_S,315,7
DRC_S,3025,3
DRC_S,3280,10
DRC_S,3066,3
DRC_S,266,10
DRC_S,3075,3
DRC_S,420,7
DRC_S,338,7
DRC_S,448,7
DRC_S,231,5
DRC_S,1835,9
DRC_S,419,7
DRC_S,372,7
DRC_S,3080,3
DRC_S,475,7
DRC_S,436,7
DRC_S,226,5
DRC_S,390,10
DRC_S,414,7
DRC_S,503,1
DRC_S,456,7
DRC_S,3197,10
DRC_S,391,7
DRC_S,487,1
DRC_S,280,4
DRC_S,1936,9
DRC_S,3295,4
DRC_S,3052,3
DRC_S,442,7
DRC_S,402,7
DRC_S,2998,3
DRC_S,241,5
DRC_S,273,10
DRC_S,332,7
DRC_S,3290,10
DRC_S,221,5
DRC_S,295,7
DRC_S,3022,3
DRC_S,432,7
DRC_S,3056,3
DRC_S,3019,3
DRC_S,513,1
DRC_S,3044,3
DRC_S,49,6
DRC_S,574,3
DRC_S,576,3
DRC_S,214,10
DRC_S,52,6
DRC_S,2942,3
DRC_S,3041,3
DRC_S,3071,3
DRC_S,227,5
DRC_S,423,7
DRC_S,480,1
DRC_S,499,1
DRC_S,2969,3
DRC_S,2926,3
DRC_S,479,1
DRC_S,190,4
DRC_S,3023,3
DRC_S,3030,3
DRC_S,252,10
DRC_S,206,4
DRC_S,408,7
DRC_S,2912,3
DRC_S,2986,3
DRC_S,573,3
DRC_S,575,3
DRC_S,2925,3
DRC_S,51,6
DRC_S,531,1
DRC_S,261,5
DRC_S,3266,4
DRC_S,3302,4
DRC_S,242,5
DRC_S,1833,9
DRC_S,394,7
DRC_S,3094,3
DRC_S,388,7
DRC_S,2981,3
DRC_S,3086,4
DRC_S,3294,4
DRC_S,3287,10
DRC_S,452,7
DRC_S,572,3
DRC_S,3103,4
DRC_S,158,3
DRC_S,2890,3
DRC_S,253,5
DRC_S,517,1
DRC_S,505,1
DRC_S,50,6
DRC_S,491,1
DRC_S,2838,2
DRC_S,592,2
DRC_S,236,5
DRC_S,3082,4
DRC_S,2803,2
DRC_S,3012,3
DRC_S,234,5
DRC_S,2863,3
DRC_S,2985,3
DRC_S,3297,4
DRC_S,2099,6
DRC_S,2999,3
DRC_S,3059,4
DRC_S,2924,2
DRC_S,3010,3
DRC_S,25,6
DRC_S,3289,4
DRC_S,30,6
DRC_S,22,6
DRC_S,251,5
DRC_S,3256,4
DRC_S,3039,3
DRC_S,243,5
DRC_S,3043,3
DRC_S,196,5
DRC_S,3172,3
DRC_S,3252,4
DRC_S,3293,4
DRC_S,2672,2
DRC_S,3038,3
DRC_S,3009,4
DRC_S,268,5
DRC_S,1819,9
DRC_S,263,10
DRC_S,248,5
DRC_S,595,3
DRC_S,3055,4
DRC_S,232,5
DRC_S,345,7
DRC_S,2582,2
DRC_S,2974,3
DRC_S,598,2
DRC_S,3284,4
DRC_S,1809,9
DRC_S,218,5
DRC_S,2778,2
DRC_S,2633,2
DRC_S,3298,4
DRC_S,2606,2
DRC_S,597,2
DRC_S,210,5
DRC_S,3292,4
DRC_S,389,7
DRC_S,2909,3
DRC_S,3046,4
DRC_S,194,5
DRC_S,3007,3
DRC_S,3014,4
DRC_S,594,2
DRC_S,255,10
DRC_S,2907,3
DRC_S,386,7
DRC_S,2723,2
DRC_S,2701,2
DRC_S,515,1
DRC_S,3037,4
DRC_S,3006,3
DRC_S,3296,4
DRC_S,3042,4
DRC_S,2860,3
DRC_S,3299,4
DRC_S,3026,3
DRC_S,339,4
DRC_S,569,3
DRC_S,3304,4
DRC_S,3288,4
DRC_S,3247,4
DRC_S,371,7
DRC_S,222,5
DRC_S,2855,3
DRC_S,349,7
DRC_S,296,7
DRC_S,223,5
DRC_S,599,2
DRC_S,2979,3
DRC_S,577,3
DRC_S,333,4
DRC_S,2767,2
DRC_S,2980,3
DRC_S,27,6
DRC_S,570,3
DRC_S,3279,4
DRC_S,2992,3
DRC_S,2551,2
DRC_S,258,5
DRC_S,3301,4
DRC_S,28,6
DRC_S,348,10
DRC_S,2961,3
DRC_S,493,1
DRC_S,568,3
DRC_S,359,4
DRC_S,2629,2
DRC_S,482,1
DRC_S,3077,4
DRC_S,3291,4
DRC_S,350,10
DRC_S,3264,4
DRC_S,593,2
DRC_S,509,1
DRC_S,571,3
DRC_S,385,7
DRC_S,590,3
DRC_S,2652,2
DRC_S,3300,4
DRC_S,2589,2
DRC_S,207,5
DRC_S,2640,2
DRC_S,225,5
DRC_S,3242,4
DRC_S,53,6
DRC_S,351,4
DRC_S,204,5
DRC_S,264,5
DRC_S,274,5
DRC_S,188,4
DRC_S,2777,2
DRC_S,3073,4
DRC_S,1848,9
DRC_S,2824,2
DRC_S,393,7
DRC_S,237,5
DRC_S,181,5
DRC_S,2775,2
DRC_S,454,7
DRC_S,3138,4
DRC_S,514,1
DRC_S,2690,2
DRC_S,564,3
DRC_S,3210,4
DRC_S,184,5
DRC_S,3119,4
DRC_S,3028,3
DRC_S,3259,4
DRC_S,2802,2
DRC_S,3243,4
DRC_S,2639,2
DRC_S,2746,2
DRC_S,2016,9
DRC_S,2982,3
DRC_S,3061,4
DRC_S,2983,3
DRC_S,2959,3
DRC_S,2566,2
DRC_S,3262,4
DRC_S,178,5
DRC_S,567,3
DRC_S,2889,2
DRC_S,553,4
DRC_S,2644,2
DRC_S,3305,4
DRC_S,3277,4
DRC_S,2865,2
DRC_S,3199,4
DRC_S,2830,3
DRC_S,3093,4
DRC_S,3303,4
DRC_S,2762,3
DRC_S,2950,3
DRC_S,2947,4
DRC_S,2789,3
DRC_S,335,7
DRC_S,2494,2
DRC_S,2957,4
DRC_S,365,7
DRC_S,2953,3
DRC_S,2948,3
DRC_S,552,4
DRC_S,2614,2
DRC_S,235,5
DRC_S,3085,4
DRC_S,55,6
DRC_S,2774,2
DRC_S,26,6
DRC_S,2829,3
DRC_S,183,5
DRC_S,2531,2
DRC_S,2955,3
DRC_S,354,4
DRC_S,2530,2
DRC_S,265,10
DRC_S,3282,4
DRC_S,2688,2
DRC_S,603,2
DRC_S,2940,3
DRC_S,21,6
DRC_S,2994,3
DRC_S,3053,3
DRC_S,3191,4
DRC_S,2109,9
DRC_S,434,7
DRC_S,3278,4
DRC_S,560,3
DRC_S,2966,3
DRC_S,2799,2
DRC_S,2958,4
DRC_S,596,2
DRC_S,182,5
DRC_S,2718,2
DRC_S,2976,3
DRC_S,3237,4
DRC_S,601,2
DRC_S,510,1
DRC_S,3032,4
DRC_S,2997,3
DRC_S,3251,4
DRC_S,387,7
DRC_S,2970,3
DRC_S,3116,4
DRC_S,2949,3
DRC_S,2087,9
DRC_S,591,3
DRC_S,2651,2
DRC_S,31,6
DRC_S,2866,3
DRC_S,2251,6
DRC_S,3124,4
DRC_S,554,4
DRC_S,3232,4
DRC_S,563,3
DRC_S,2848,2
DRC_S,604,2
DRC_S,602,3
DRC_S,2858,2
DRC_S,3120,4
DRC_S,3255,4
DRC_S,453,7
DRC_S,383,7
DRC_S,3235,4
DRC_S,2758,3
DRC_S,3263,4
DRC_S,589,2
DRC_S,2752,2
DRC_S,536,1
DRC_S,566,3
DRC_S,2713,2
DRC_S,2655,2
DRC_S,2895,3
DRC_S,2708,3
DRC_S,2901,3
DRC_S,2664,2
DRC_S,2841,2
DRC_S,2843,2
DRC_S,2734,3
DRC_S,2741,2
DRC_S,2702,2
DRC_S,2828,3
DRC_S,586,2
DRC_S,3233,4
DRC_S,2706,2
DRC_S,2707,3
DRC_S,3239,4
DRC_S,20,6
DRC_S,2684,3
DRC_S,2825,3
DRC_S,2500,2
DRC_S,600,2
DRC_S,2881,2
DRC_S,3275,4
DRC_S,2904,2
DRC_S,2987,3
DRC_S,1903,9
DRC_S,2436,2
DRC_S,2687,2
DRC_S,189,5
DRC_S,29,6
DRC_S,526,1
DRC_S,565,3
DRC_S,2922,3
DRC_S,2849,3
DRC_S,360,7
DRC_S,262,5
DRC_S,166,5
DRC_S,2686,2
DRC_S,180,5
DRC_S,2864,3
DRC_S,2788,2
DRC_S,528,1
DRC_S,2471,2
DRC_S,2206,6
DRC_S,176,5
DRC_S,2460,2
DRC_S,205,5
DRC_S,2806,3
DRC_S,1970,9
DRC_S,2703,3
DRC_S,2937,3
DRC_S,2722,2
DRC_S,3016,4
DRC_S,2859,3
DRC_S,3261,4
DRC_S,584,2
DRC_S,2753,3
DRC_S,187,4
DRC_S,2854,2
DRC_S,198,5
DRC_S,2867,3
DRC_S,580,2
DRC_S,2742,3
DRC_S,3134,4
DRC_S,587,2
DRC_S,2995,4
DRC_S,3147,3
DRC_S,299,7
DRC_S,555,4
DRC_S,1906,9
DRC_S,215,5
DRC_S,2626,3
DRC_S,2919,3
DRC_S,179,5
DRC_S,2931,4
DRC_S,374,7
DRC_S,562,3
DRC_S,3035,3
DRC_S,3020,3
DRC_S,2944,4
DRC_S,2700,2
DRC_S,2638,2
DRC_S,2960,3
DRC_S,2897,2
DRC_S,3258,4
DRC_S,186,5
DRC_S,173,5
DRC_S,2650,2
DRC_S,269,5
DRC_S,24,6
DRC_S,2861,3
DRC_S,2698,2
DRC_S,3231,4
DRC_S,169,5
DRC_S,2929,3
DRC_S,2916,3
DRC_S,2449,2
DRC_S,3013,3
DRC_S,2673,2
DRC_S,2634,3
DRC_S,2882,3
DRC_S,2729,2
DRC_S,209,5
DRC_S,3004,4
DRC_S,2674,3
DRC_S,3229,4
DRC_S,2207,6
DRC_S,2874,2
DRC_S,2600,3
DRC_S,2612,2
DRC_S,185,5
DRC_S,382,7
DRC_S,2771,3
DRC_S,619,3
DRC_S,2973,3
DRC_S,201,5
DRC_S,2847,2
DRC_S,2839,3
DRC_S,3271,4
DRC_S,2699,2
DRC_S,444,7
DRC_S,2665,3
DRC_S,2625,3
DRC_S,2928,3
DRC_S,3228,4
DRC_S,3177,4
DRC_S,203,5
DRC_S,2932,2
DRC_S,2923,3
DRC_S,2935,2
DRC_S,384,7
DRC_S,2872,2
DRC_S,2991,4
DRC_S,3245,4
DRC_S,1905,9
DRC_S,2716,2
DRC_S,326,7
DRC_S,2714,3
DRC_S,3001,4
DRC_S,618,2
DRC_S,548,4
DRC_S,607,3
DRC_S,2954,3
DRC_S,3107,4
DRC_S,2747,2
DRC_S,2918,2
DRC_S,2710,2
DRC_S,2875,2
DRC_S,3111,4
DRC_S,2733,2
DRC_S,2591,3
DRC_S,529,1
DRC_S,2766,2
DRC_S,2565,2
DRC_S,2804,3
DRC_S,2943,4
DRC_S,2717,2
DRC_S,2663,2
DRC_S,2853,2
DRC_S,2813,3
DRC_S,2541,2
DRC_S,2915,3
DRC_S,551,4
DRC_S,2590,3
DRC_S,2837,2
DRC_S,2883,3
DRC_S,3050,4
DRC_S,606,3
DRC_S,2570,2
DRC_S,3226,4
DRC_S,2787,2
DRC_S,2573,2
DRC_S,561,3
DRC_S,535,1
DRC_S,2630,3
DRC_S,2956,4
DRC_S,297,7
DRC_S,2898,3
DRC_S,2719,3
DRC_S,2899,3
DRC_S,3008,4
DRC_S,2557,2
DRC_S,1878,9
DRC_S,609,3
DRC_S,2896,3
DRC_S,663,2
DRC_S,3223,4
DRC_S,357,7
DRC_S,2667,2
DRC_S,2661,2
DRC_S,2607,2
DRC_S,3079,4
DRC_S,2887,2
DRC_S,313,7
DRC_S,3110,4
DRC_S,23,6
DRC_S,191,5
DRC_S,2601,3
DRC_S,174,5
DRC_S,3181,4
DRC_S,2599,2
DRC_S,145,5
DRC_S,2820,2
DRC_S,2249,6
DRC_S,3272,10
DRC_S,199,5
DRC_S,3212,4
DRC_S,3213,4
DRC_S,2527,2
DRC_S,588,2
DRC_S,148,5
DRC_S,202,5
DRC_S,532,1
DRC_S,3135,4
DRC_S,3129,4
DRC_S,2554,2
DRC_S,3225,4
DRC_S,617,2
DRC_S,2834,3
DRC_S,2989,4
DRC_S,2337,6
DRC_S,2757,2
DRC_S,2877,3
DRC_S,2786,2
DRC_S,3102,4
DRC_S,621,2
DRC_S,3106,4
DRC_S,3123,4
DRC_S,2988,4
DRC_S,162,3
DRC_S,620,2
DRC_S,2888,3
DRC_S,3257,4
DRC_S,149,5
DRC_S,2905,8
DRC_S,2963,3
DRC_S,2914,2
DRC_S,3222,4
DRC_S,3249,4
DRC_S,2169,6
DRC_S,3183,5
DRC_S,32,6
DRC_S,3015,4
DRC_S,197,5
DRC_S,2645,3
DRC_S,2814,3
DRC_S,550,4
DRC_S,2965,4
DRC_S,3143,4
DRC_S,150,5
DRC_S,3221,4
DRC_S,3108,4
DRC_S,392,10
DRC_S,3216,4
DRC_S,2936,4
DRC_S,2743,3
DRC_S,3153,4
DRC_S,608,3
DRC_S,2631,3
DRC_S,54,6
DRC_S,141,5
DRC_S,616,2
DRC_S,2993,3
DRC_S,3168,4
DRC_S,2975,4
DRC_S,3148,4
DRC_S,2571,2
DRC_S,177,5
DRC_S,2894,2
DRC_S,2876,8
DRC_S,680,2
DRC_S,3146,4
DRC_S,2797,2
DRC_S,622,2
DRC_S,2748,3
DRC_S,2549,3
DRC_S,3211,4
DRC_S,2583,3
DRC_S,193,5
DRC_S,2910,2
DRC_S,3040,4
DRC_S,3113,4
DRC_S,3244,4
DRC_S,544,1
DRC_S,2761,2
DRC_S,3133,4
DRC_S,2434,2
DRC_S,1898,9
DRC_S,533,1
DRC_S,2605,2
DRC_S,538,1
DRC_S,2385,6
DRC_S,2234,6
DRC_S,2588,2
DRC_S,2978,4
DRC_S,2835,3
DRC_S,2558,2
DRC_S,558,4
DRC_S,375,4
DRC_S,2884,8
DRC_S,2559,3
DRC_S,84,6
DRC_S,3260,4
DRC_S,2862,2
DRC_S,2977,4
DRC_S,3070,4
DRC_S,628,6
DRC_S,2550,8
DRC_S,346,7
DRC_S,2780,3
DRC_S,3100,4
DRC_S,138,5
DRC_S,3170,4
DRC_S,3220,4
DRC_S,2615,3
DRC_S,2398,2
DRC_S,151,5
DRC_S,2880,8
DRC_S,615,2
DRC_S,549,4
DRC_S,496,1
DRC_S,2675,3
DRC_S,381,7
DRC_S,557,4
DRC_S,2930,4
DRC_S,2934,3
DRC_S,3002,4
DRC_S,2653,3
DRC_S,3151,4
DRC_S,2913,3
DRC_S,3203,4
DRC_S,219,5
DRC_S,2911,2
DRC_S,2685,2
DRC_S,3217,4
DRC_S,2946,4
DRC_S,1801,9
DRC_S,3097,4
DRC_S,2724,3
DRC_S,3241,4
DRC_S,93,6
DRC_S,578,2
DRC_S,140,5
DRC_S,3003,4
DRC_S,380,7
DRC_S,160,5
DRC_S,2635,3
DRC_S,2781,8
DRC_S,3240,4
DRC_S,627,6
DRC_S,3176,4
DRC_S,530,1
DRC_S,2514,2
DRC_S,559,4
DRC_S,2440,6
DRC_S,2387,2
DRC_S,3021,4
DRC_S,2324,6
DRC_S,171,5
DRC_S,2902,3
DRC_S,2819,4
DRC_S,2704,8
DRC_S,2964,4
DRC_S,612,3
DRC_S,585,2
DRC_S,2424,2
DRC_S,2427,6
DRC_S,2532,8
DRC_S,3187,4
DRC_S,3192,4
DRC_S,3215,4
DRC_S,2303,2
DRC_S,192,5
DRC_S,3206,4
DRC_S,2893,2
DRC_S,3048,5
DRC_S,2906,3
DRC_S,2534,2
DRC_S,2374,6
DRC_S,1870,9
DRC_S,3209,4
DRC_S,3128,4
DRC_S,3267,4
DRC_S,3238,4
DRC_S,363,7
DRC_S,3190,4
DRC_S,2346,2
DRC_S,2302,6
DRC_S,2608,3
DRC_S,167,5
DRC_S,2886,3
DRC_S,377,7
DRC_S,3196,4
DRC_S,2423,2
DRC_S,3018,5
DRC_S,134,5
DRC_S,2375,2
DRC_S,2660,2
DRC_S,3253,4
DRC_S,208,5
DRC_S,347,7
DRC_S,3166,4
DRC_S,3033,5
DRC_S,2821,8
DRC_S,610,3
DRC_S,2495,3
DRC_S,2967,3
DRC_S,438,10
DRC_S,2275,2
DRC_S,3158,4
DRC_S,2730,3
DRC_S,2962,3
DRC_S,3186,4
DRC_S,3171,4
DRC_S,3036,5
DRC_S,2697,2
DRC_S,195,5
DRC_S,2798,2
DRC_S,2720,8
DRC_S,133,5
DRC_S,2968,4
DRC_S,2823,8
DRC_S,2399,2
DRC_S,127,5
DRC_S,147,5
DRC_S,3207,4
DRC_S,539,1
DRC_S,2447,2
DRC_S,3065,4
DRC_S,3084,4
DRC_S,3204,4
DRC_S,2711,8
DRC_S,143,5
DRC_S,1854,9
DRC_S,131,5
DRC_S,154,5
DRC_S,2619,6
DRC_S,2419,2
DRC_S,556,4
DRC_S,2018,9
DRC_S,2933,4
DRC_S,3265,4
DRC_S,2335,2
DRC_S,96,3
DRC_S,3159,4
DRC_S,581,2
DRC_S,1864,9
DRC_S,2939,4
DRC_S,3194,4
DRC_S,2793,3
DRC_S,2345,2
DRC_S,319,7
DRC_S,3031,4
DRC_S,2927,2
DRC_S,2503,2
DRC_S,675,2
DRC_S,59,6
DRC_S,2656,8
DRC_S,3162,4
DRC_S,80,6
DRC_S,2851,8
DRC_S,3062,5
DRC_S,2740,4
DRC_S,3250,4
DRC_S,369,7
DRC_S,2340,2
DRC_S,3005,5
DRC_S,542,1
DRC_S,2921,2
DRC_S,2870,3
DRC_S,2900,3
DRC_S,3045,5
DRC_S,128,5
DRC_S,3185,4
DRC_S,614,2
DRC_S,625,6
DRC_S,2869,8
DRC_S,2920,3
DRC_S,1796,9
DRC_S,2315,2
DRC_S,3173,4
DRC_S,2779,3
DRC_S,6666,9
DRC_S,2646,3
DRC_S,2555,2
DRC_S,2620,4
DRC_S,2442,6
DRC_S,2455,6
DRC_S,376,7
DRC_S,2744,3
DRC_S,132,5
DRC_S,2584,6
DRC_S,216,5
DRC_S,2822,8
DRC_S,3163,5
DRC_S,137,5
DRC_S,3091,4
DRC_S,3246,4
DRC_S,3127,4
DRC_S,2984,4
DRC_S,3144,4
DRC_S,2301,6
DRC_S,2857,4
DRC_S,329,7
DRC_S,3208,4
DRC_S,2990,8
DRC_S,2680,8
DRC_S,2458,6
DRC_S,2312,2
DRC_S,3193,4
DRC_S,3145,4
DRC_S,537,1
DRC_S,2817,8
DRC_S,164,5
DRC_S,2280,2
DRC_S,3078,4
DRC_S,623,6
DRC_S,3188,4
DRC_S,2871,3
DRC_S,583,2
DRC_S,635,6
DRC_S,200,5
DRC_S,2815,8
DRC_S,2678,6
DRC_S,2290,6
DRC_S,3140,4
DRC_S,2782,8
DRC_S,543,1
DRC_S,3090,4
DRC_S,2297,2
DRC_S,2917,3
DRC_S,2768,8
DRC_S,2705,4
DRC_S,2293,2
DRC_S,2529,6
DRC_S,2891,3
DRC_S,3236,4
DRC_S,2735,8
DRC_S,2125,9
DRC_S,121,5
DRC_S,6512,9
DRC_S,2286,2
DRC_S,582,2
DRC_S,2407,2
DRC_S,2316,2
DRC_S,90,8
DRC_S,2613,3
DRC_S,674,2
DRC_S,170,5
DRC_S,3152,4
DRC_S,2868,8
DRC_S,2856,8
DRC_S,126,5
DRC_S,2418,2
DRC_S,6492,9
DRC_S,6552,9
DRC_S,2794,8
DRC_S,1897,9
DRC_S,175,5
DRC_S,3150,4
DRC_S,373,7
DRC_S,2330,2
DRC_S,2271,2
DRC_S,2483,6
DRC_S,1915,9
DRC_S,2350,8
DRC_S,2352,2
DRC_S,2689,8
DRC_S,2666,8
DRC_S,3167,4
DRC_S,2648,6
DRC_S,626,6
DRC_S,156,5
DRC_S,168,5
DRC_S,3214,4
DRC_S,3165,4
DRC_S,3057,4
DRC_S,2464,6
DRC_S,2972,4
DRC_S,2725,8
DRC_S,146,5
DRC_S,3125,4
DRC_S,2878,8
DRC_S,2657,8
DRC_S,3132,4
DRC_S,3058,4
DRC_S,2506,6
DRC_S,2362,2
DRC_S,113,5
DRC_S,2331,2
DRC_S,2250,2
DRC_S,2694,8
DRC_S,2628,8
DRC_S,2668,8
DRC_S,2521,8
DRC_S,3139,4
DRC_S,2728,8
DRC_S,2355,2
DRC_S,3161,4
DRC_S,2262,2
DRC_S,545,1
DRC_S,2288,2
DRC_S,144,5
DRC_S,527,1
DRC_S,2426,6
DRC_S,2513,6
DRC_S,60,6
DRC_S,152,5
DRC_S,57,6
DRC_S,2542,8
DRC_S,2721,6
DRC_S,67,6
DRC_S,3098,4
DRC_S,2401,2
DRC_S,2679,8
DRC_S,1862,9
DRC_S,6574,9
DRC_S,2567,8
DRC_S,2256,2
DRC_S,605,2
DRC_S,2264,2
DRC_S,2739,4
DRC_S,2593,8
DRC_S,2195,2
DRC_S,2479,6
DRC_S,1841,9
DRC_S,2592,3
DRC_S,2247,8
DRC_S,3011,4
DRC_S,86,3
DRC_S,2603,6
DRC_S,125,5
DRC_S,2435,8
DRC_S,2490,6
DRC_S,74,8
DRC_S,523,1
DRC_S,2384,8
DRC_S,2228,2
DRC_S,631,6
DRC_S,6410,9
DRC_S,2344,2
DRC_S,2461,8
DRC_S,123,5
DRC_S,2547,8
DRC_S,3017,5
DRC_S,2235,2
DRC_S,3201,4
DRC_S,2472,6
DRC_S,108,5
DRC_S,2536,8
DRC_S,2279,2
DRC_S,1962,9
DRC_S,2696,8
DRC_S,2683,6
DRC_S,2941,5
DRC_S,3234,4
DRC_S,2497,8
DRC_S,172,5
DRC_S,3081,4
DRC_S,2454,6
DRC_S,1937,9
DRC_S,2351,6
DRC_S,2282,8
DRC_S,2168,9
DRC_S,579,2
DRC_S,2190,2
DRC_S,85,3
DRC_S,2306,8
DRC_S,2272,8
DRC_S,3122,4
DRC_S,2410,6
DRC_S,2945,8
DRC_S,540,1
DRC_S,6575,9
DRC_S,2243,8
DRC_S,3227,4
DRC_S,1913,9
DRC_S,129,5
DRC_S,2096,9
DRC_S,2321,2
DRC_S,671,2
DRC_S,636,6
DRC_S,2499,8
DRC_S,2265,2
DRC_S,2850,8
DRC_S,1806,9
DRC_S,2873,6
DRC_S,62,8
DRC_S,2477,6
DRC_S,2366,2
DRC_S,611,3
DRC_S,3027,4
DRC_S,2903,3
DRC_S,2257,8
DRC_S,2193,9
DRC_S,91,6
DRC_S,2359,8
DRC_S,117,5
DRC_S,1935,9
DRC_S,77,6
DRC_S,1961,9
DRC_S,111,5
DRC_S,633,6
DRC_S,3195,4
DRC_S,2233,9
DRC_S,2755,6
DRC_S,613,3
DRC_S,130,5
DRC_S,2216,9
DRC_S,2795,6
DRC_S,630,6
DRC_S,3198,4
DRC_S,119,5
DRC_S,114,5
DRC_S,161,5
DRC_S,541,1
DRC_S,1995,9
DRC_S,109,6
DRC_S,2179,2
DRC_S,634,6
DRC_S,2229,8
DRC_S,89,6
DRC_S,1929,9
DRC_S,2307,8
DRC_S,2885,6
DRC_S,2670,6
DRC_S,525,1
DRC_S,2284,9
DRC_S,2161,2
DRC_S,165,5
DRC_S,2577,6
DRC_S,2812,4
DRC_S,2508,2
DRC_S,1818,9
DRC_S,106,6
DRC_S,120,5
DRC_S,2034,9
DRC_S,2892,6
DRC_S,3178,4
DRC_S,2609,8
DRC_S,1781,9
DRC_S,2636,6
DRC_S,2561,8
DRC_S,157,5
DRC_S,136,5
DRC_S,2380,2
DRC_S,3029,4
DRC_S,2951,8
DRC_S,2512,6
DRC_S,3121,4
DRC_S,1812,9
DRC_S,88,6
DRC_S,2485,8
DRC_S,2831,6
DRC_S,112,5
DRC_S,2810,6
DRC_S,2332,8
DRC_S,1847,9
DRC_S,2574,8
DRC_S,2295,9
DRC_S,2504,8
DRC_S,153,5
DRC_S,2378,8
DRC_S,95,6
DRC_S,2818,6
DRC_S,2846,4
DRC_S,2487,6
DRC_S,139,5
DRC_S,211,5
DRC_S,1934,9
DRC_S,2326,2
DRC_S,2347,2
DRC_S,2801,6
DRC_S,3049,4
DRC_S,61,6
DRC_S,2336,2
DRC_S,2611,6
DRC_S,135,5
DRC_S,2808,6
DRC_S,2478,8
DRC_S,124,5
DRC_S,2203,8
DRC_S,2562,8
DRC_S,2715,6
DRC_S,118,5
DRC_S,2658,6
DRC_S,2832,6
DRC_S,163,5
DRC_S,2267,8
DRC_S,2515,8
DRC_S,2277,8
DRC_S,155,5
DRC_S,2074,9
DRC_S,2334,8
DRC_S,63,6
DRC_S,3068,4
DRC_S,48,9
DRC_S,2439,8
DRC_S,2731,6
DRC_S,159,5
DRC_S,2844,6
DRC_S,66,6
DRC_S,2343,2
DRC_S,2322,8
DRC_S,2242,8
DRC_S,3109,4
DRC_S,122,5
DRC_S,115,5
DRC_S,2553,6
DRC_S,2348,8
DRC_S,624,6
DRC_S,2595,8
DRC_S,2140,9
DRC_S,703,2
DRC_S,3054,4
DRC_S,2578,4
DRC_S,3069,4
DRC_S,2036,9
DRC_S,735,8
DRC_S,2790,6
DRC_S,2389,8
DRC_S,2469,6
DRC_S,2268,8
DRC_S,2879,6
DRC_S,2676,8
DRC_S,2400,8
DRC_S,2463,6
DRC_S,2493,6
DRC_S,2133,9
DRC_S,1979,9
DRC_S,1840,9
DRC_S,2996,8
DRC_S,2368,8
DRC_S,2298,8
DRC_S,3230,4
DRC_S,2245,2
DRC_S,2276,8
DRC_S,2294,8
DRC_S,2085,9
DRC_S,2289,9
DRC_S,2811,6
DRC_S,2129,9
DRC_S,2367,2
DRC_S,2523,6
DRC_S,2938,5
DRC_S,3180,4
DRC_S,2353,2
DRC_S,2805,6
DRC_S,2596,6
DRC_S,65,6
DRC_S,98,6
DRC_S,58,6
DRC_S,2381,8
DRC_S,2196,8
DRC_S,2246,8
DRC_S,2465,8
DRC_S,142,5
DRC_S,2443,8
DRC_S,2546,6
DRC_S,2219,8
DRC_S,736,8
DRC_S,2482,6
DRC_S,2108,9
DRC_S,546,1
DRC_S,83,6
DRC_S,103,6
DRC_S,6610,9
DRC_S,2309,8
DRC_S,2505,6
DRC_S,2618,6
DRC_S,2409,6
DRC_S,3182,4
DRC_S,2360,8
DRC_S,2453,8
DRC_S,2519,8
DRC_S,2556,8
DRC_S,2535,8
DRC_S,629,6
DRC_S,1925,9
DRC_S,3154,4
DRC_S,2610,8
DRC_S,1997,9
DRC_S,3095,4
DRC_S,2489,6
DRC_S,2749,8
DRC_S,2102,9
DRC_S,632,6
DRC_S,2356,8
DRC_S,3126,5
DRC_S,2138,8
DRC_S,2281,8
DRC_S,2776,6
DRC_S,2421,8
DRC_S,2467,8
DRC_S,2425,8
DRC_S,3115,4
DRC_S,2354,2
DRC_S,2317,8
DRC_S,116,5
DRC_S,76,6
DRC_S,2393,6
DRC_S,2594,8
DRC_S,2492,8
DRC_S,2754,6
DRC_S,2662,8
DRC_S,3141,4
DRC_S,2784,6
DRC_S,2414,8
DRC_S,2647,6
DRC_S,2392,8
DRC_S,1778,9
DRC_S,2327,8
DRC_S,2450,8
DRC_S,3137,4
DRC_S,2654,8
DRC_S,2826,6
DRC_S,2300,8
DRC_S,2533,6
DRC_S,2388,8
DRC_S,2189,8
DRC_S,3000,4
DRC_S,2552,8
DRC_S,2323,8
DRC_S,2511,8
DRC_S,3157,4
DRC_S,2304,8
DRC_S,7065,6
DRC_S,6631,9
DRC_S,2204,8
DRC_S,2429,8
DRC_S,3142,4
DRC_S,2213,8
DRC_S,2659,8
DRC_S,2146,9
DRC_S,3067,4
DRC_S,1941,9
DRC_S,2208,8
DRC_S,2237,8
DRC_S,3088,4
DRC_S,1877,9
DRC_S,732,8
DRC_S,733,8
DRC_S,2021,9
DRC_S,6523,9
DRC_S,2581,8
DRC_S,2475,8
DRC_S,2078,9
DRC_S,2971,8
DRC_S,734,8
DRC_S,2035,9
DRC_S,2642,6
DRC_S,2013,9
DRC_S,2438,8
DRC_S,99,6
DRC_S,3089,4
DRC_S,673,2
DRC_S,1766,9
DRC_S,547,1
DRC_S,2908,6
DRC_S,2363,8
DRC_S,2669,8
DRC_S,701,8
DRC_S,710,8
DRC_S,2121,9
DRC_S,2225,8
DRC_S,6621,9
DRC_S,2486,6
DRC_S,2215,8
DRC_S,2066,9
DRC_S,1814,9
DRC_S,2488,8
DRC_S,2239,8
DRC_S,2412,6
DRC_S,6491,9
DRC_S,1823,9
DRC_S,2114,9
DRC_S,1777,9
DRC_S,2001,9
DRC_S,6490,9
DRC_S,2221,8
DRC_S,3083,4
DRC_S,92,6
DRC_S,702,8
DRC_S,730,8
DRC_S,3130,4
DRC_S,3156,4
DRC_S,1763,9
DRC_S,726,8
DRC_S,2641,6
DRC_S,2199,8
DRC_W,689,3
DRC_W,693,3
DRC_W,691,3
DRC_W,685,3
DRC_W,7024,3
DRC_W,695,3
DRC_W,7036,3
DRC_W,1744,2
DRC_W,692,3
DRC_W,1746,2
DRC_W,7015,3
DRC_W,2174,3
DRC_W,696,3
DRC_W,1740,2
DRC_W,1742,2
DRC_W,7003,3
DRC_W,1736,2
DRC_W,2171,3
DRC_W,7035,3
DRC_W,1735,2
DRC_W,694,3
DRC_W,2212,3
DRC_W,1737,2
DRC_W,6870,7
DRC_W,6930,7
DRC_W,1741,2
DRC_W,6920,7
DRC_W,6966,7
DRC_W,6254,8
DRC_W,6893,7
DRC_W,6999,3
DRC_W,6224,8
DRC_W,1738,2
DRC_W,1743,2
DRC_W,6217,2
DRC_W,2160,3
DRC_W,7043,3
DRC_W,6229,8
DRC_W,6972,3
DRC_W,6241,8
DRC_W,6872,7
DRC_W,6979,3
DRC_W,1732,2
DRC_W,7011,3
DRC_W,686,3
DRC_W,6984,7
DRC_W,7042,3
DRC_W,6207,8
DRC_W,1731,2
DRC_W,7017,3
DRC_W,6939,3
DRC_W,2154,3
DRC_W,6843,1
DRC_W,2241,3
DRC_W,6840,7
DRC_W,6925,7
DRC_W,2194,3
DRC_W,6212,8
DRC_W,6948,7
DRC_W,6953,7
DRC_W,6988,7
DRC_W,7000,3
DRC_W,2240,3
DRC_W,2292,3
DRC_W,6956,1
DRC_W,6514,2
DRC_W,6916,7
DRC_W,6350,8
DRC_W,6204,8
DRC_W,3607,5
DRC_W,6832,1
DRC_W,1733,2
DRC_W,6188,8
DRC_W,6193,2
DRC_W,2178,3
DRC_W,5663,2
DRC_W,6183,8
DRC_W,3367,1
DRC_W,3540,2
DRC_W,6106,2
DRC_W,697,3
DRC_W,6849,1
DRC_W,6240,2
DRC_W,6937,7
DRC_W,6285,8
DRC_W,3528,2
DRC_W,6998,7
DRC_W,5554,5
DRC_W,6161,8
DRC_W,3370,1
DRC_W,6954,7
DRC_W,5790,2
DRC_W,7022,3
DRC_W,6976,1
DRC_W,1730,2
DRC_W,6957,7
DRC_W,6499,2
DRC_W,6194,8
DRC_W,6343,8
DRC_W,3594,5
DRC_W,5570,2
DRC_W,6947,7
DRC_W,6971,1
DRC_W,7023,3
DRC_W,6316,8
DRC_W,5607,5
DRC_W,5662,2
DRC_W,3372,4
DRC_W,6039,2
DRC_W,6272,2
DRC_W,6147,8
DRC_W,6921,7
DRC_W,6250,8
DRC_W,6944,7
DRC_W,6357,8
DRC_W,6424,8
DRC_W,6914,7
DRC_W,3538,2
DRC_W,3368,1
DRC_W,3337,1
DRC_W,5501,5
DRC_W,3371,1
DRC_W,6963,3
DRC_W,6208,8
DRC_W,3366,1
DRC_W,6905,7
DRC_W,5571,5
DRC_W,3527,2
DRC_W,6859,7
DRC_W,3376,4
DRC_W,6795,1
DRC_W,6459,8
DRC_W,2224,3
DRC_W,7004,3
DRC_W,3362,1
DRC_W,6118,8
DRC_W,5502,5
DRC_W,6304,8
DRC_W,6977,3
DRC_W,5764,2
DRC_W,5617,2
DRC_W,3369,1
DRC_W,6919,1
DRC_W,7014,3
DRC_W,6776,4
DRC_W,6338,8
DRC_W,6313,8
DRC_W,6059,2
DRC_W,3378,4
DRC_W,6466,8
DRC_W,6365,8
DRC_W,6411,8
DRC_W,3347,1
DRC_W,6739,1
DRC_W,5746,2
DRC_W,6804,4
DRC_W,7020,3
DRC_W,3346,1
DRC_W,6442,8
DRC_W,3374,1
DRC_W,7028,3
DRC_W,6876,1
DRC_W,6463,8
DRC_W,6752,4
DRC_W,5706,2
DRC_W,3377,8
DRC_W,3361,1
DRC_W,6349,8
DRC_W,5553,2
DRC_W,6980,3
DRC_W,6348,2
DRC_W,6777,1
DRC_W,2325,3
DRC_W,3315,8
DRC_W,6958,1
DRC_W,6331,8
DRC_W,6607,8
DRC_W,6213,8
DRC_W,2211,3
DRC_W,3591,5
DRC_W,3324,8
DRC_W,6753,7
DRC_W,3392,8
DRC_W,6793,4
DRC_W,6895,1
DRC_W,3519,2
DRC_W,5608,5
DRC_W,2502,3
DRC_W,6318,8
DRC_W,3314,8
DRC_W,3529,2
DRC_W,5842,2
DRC_W,6125,8
DRC_W,6818,7
DRC_W,6082,2
DRC_W,1998,1
DRC_W,5982,2
DRC_W,6824,7
DRC_W,6181,8
DRC_W,2181,3
DRC_W,5640,5
DRC_W,6781,7
DRC_W,5667,5
DRC_W,6360,8
DRC_W,6959,1
DRC_W,3518,2
DRC_W,6987,7
DRC_W,7034,3
DRC_W,6860,7
DRC_W,6435,8
DRC_W,6929,4
DRC_W,6751,4
DRC_W,6712,8
DRC_W,6023,2
DRC_W,2210,3
DRC_W,6237,2
DRC_W,6806,7
DRC_W,6686,8
DRC_W,6597,8
DRC_W,6513,8
DRC_W,2000,4
DRC_W,3605,5
DRC_W,6113,8
DRC_W,3524,2
DRC_W,6165,8
DRC_W,6387,8
DRC_W,5524,5
DRC_W,3316,8
DRC_W,6440,8
DRC_W,5312,5
DRC_W,5817,5
DRC_W,3348,1
DRC_W,3345,1
DRC_W,3530,2
DRC_W,6864,1
DRC_W,3375,4
DRC_W,6787,7
DRC_W,3526,2
DRC_W,3381,8
DRC_W,6102,2
DRC_W,6482,8
DRC_W,6128,2
DRC_W,6856,7
DRC_W,6927,4
DRC_W,1712,2
DRC_W,6882,7
DRC_W,6295,2
DRC_W,5913,2
DRC_W,6155,8
DRC_W,6710,8
DRC_W,6875,4
DRC_W,6030,2
DRC_W,5800,2
DRC_W,6434,2
DRC_W,6553,2
DRC_W,6505,2
DRC_W,5710,2
DRC_W,3525,2
DRC_W,5636,5
DRC_W,3592,5
DRC_W,6182,2
DRC_W,2055,1
DRC_W,6943,1
DRC_W,6401,8
DRC_W,2587,3
DRC_W,5569,2
DRC_W,3593,5
DRC_W,6878,4
DRC_W,3609,5
DRC_W,5364,5
DRC_W,6402,8
DRC_W,6129,8
DRC_W,6869,7
DRC_W,6395,8
DRC_W,6665,1
DRC_W,5720,2
DRC_W,6879,7
DRC_W,6640,8
DRC_W,6485,8
DRC_W,3389,8
DRC_W,3364,1
DRC_W,6850,7
DRC_W,5275,5
DRC_W,6949,7
DRC_W,6415,8
DRC_W,6541,8
DRC_W,6892,1
DRC_W,6564,8
DRC_W,2604,3
DRC_W,1953,7
DRC_W,3608,5
DRC_W,7033,7
DRC_W,5833,5
DRC_W,2046,1
DRC_W,6539,2
DRC_W,3336,1
DRC_W,2538,3
DRC_W,6596,8
DRC_W,6518,8
DRC_W,6498,2
DRC_W,6325,2
DRC_W,6151,8
DRC_W,6797,7
DRC_W,6384,2
DRC_W,6965,1
DRC_W,6861,7
DRC_W,6945,4
DRC_W,3363,1
DRC_W,6810,7
DRC_W,6935,4
DRC_W,7025,3
DRC_W,6568,8
DRC_W,5935,2
DRC_W,3344,1
DRC_W,6423,8
DRC_W,6805,1
DRC_W,3390,8
DRC_W,6708,8
DRC_W,5895,2
DRC_W,6016,2
DRC_W,2045,1
DRC_W,6470,2
DRC_W,6647,8
DRC_W,6408,2
DRC_W,6792,4
DRC_W,6540,8
DRC_W,6471,1
DRC_W,6108,8
DRC_W,6852,4
DRC_W,6608,8
DRC_W,2052,4
DRC_W,2305,3
DRC_W,3325,8
DRC_W,6807,4
DRC_W,7041,3
DRC_W,6884,1
DRC_W,2042,4
DRC_W,6732,4
DRC_W,6054,2
DRC_W,6532,8
DRC_W,5784,2
DRC_W,6817,4
DRC_W,7016,3
DRC_W,6630,2
DRC_W,5713,2
DRC_W,6970,4
DRC_W,6257,2
DRC_W,6926,4
DRC_W,6877,4
DRC_W,5681,5
DRC_W,1981,1
DRC_W,6623,2
DRC_W,6493,8
DRC_W,6798,7
DRC_W,6519,8
DRC_W,3595,5
DRC_W,5981,2
DRC_W,3598,5
DRC_W,5754,5
DRC_W,6932,7
DRC_W,6481,8
DRC_W,6700,8
DRC_W,5641,5
DRC_W,5669,2
DRC_W,6689,1
DRC_W,7009,3
DRC_W,3360,1
DRC_W,6933,4
DRC_W,6072,8
DRC_W,6734,7
DRC_W,6064,8
DRC_W,3323,8
DRC_W,3535,2
DRC_W,2073,4
DRC_W,6060,8
DRC_W,6715,2
DRC_W,5970,2
DRC_W,6494,8
DRC_W,5991,8
DRC_W,6560,8
DRC_W,3359,1
DRC_W,5711,5
DRC_W,7029,3
DRC_W,6703,8
DRC_W,6065,8
DRC_W,2072,4
DRC_W,5943,2
DRC_W,3313,8
DRC_W,6073,8
DRC_W,3629,5
DRC_W,6802,1
DRC_W,5461,5
DRC_W,6653,8
DRC_W,3628,5
DRC_W,6704,1
DRC_W,5775,5
DRC_W,6969,4
DRC_W,6008,2
DRC_W,5976,2
DRC_W,6639,2
DRC_W,2135,1
DRC_W,5792,5
DRC_W,6741,4
DRC_W,6729,2
DRC_W,2003,1
DRC_W,5855,2
DRC_W,3517,2
DRC_W,3516,2
DRC_W,6559,8
DRC_W,5942,2
DRC_W,6845,4
DRC_W,2144,1
DRC_W,2149,1
DRC_W,6015,2
DRC_W,3606,5
DRC_W,6896,1
DRC_W,6031,8
DRC_W,7002,4
DRC_W,2037,4
DRC_W,6728,1
DRC_W,2030,4
DRC_W,6989,4
DRC_W,2227,3
DRC_W,5914,2
DRC_W,2088,4
DRC_W,6659,7
DRC_W,6711,7
DRC_W,5209,5
DRC_W,5952,2
DRC_W,5274,5
DRC_W,3522,2
DRC_W,5805,5
DRC_W,5791,2
DRC_W,6698,7
DRC_W,6657,2
DRC_W,6822,2
DRC_W,1706,5
DRC_W,5271,5
DRC_W,3382,8
DRC_W,5624,5
DRC_W,6770,4
DRC_W,3599,5
DRC_W,5732,2
DRC_W,6674,2
DRC_W,3391,8
DRC_W,6796,7
DRC_W,6087,8
DRC_W,5908,2
DRC_W,3590,5
DRC_W,6567,8
DRC_W,5185,5
DRC_W,6702,2
DRC_W,6780,2
DRC_W,6441,8
DRC_W,2319,3
DRC_W,6669,8
DRC_W,6641,7
DRC_W,6727,4
DRC_W,2032,1
DRC_W,3429,6
DRC_W,2285,3
DRC_W,5596,2
DRC_W,2143,1
DRC_W,3536,2
DRC_W,5401,5
DRC_W,3601,5
DRC_W,6422,2
DRC_W,6821,2
DRC_W,5559,2
DRC_W,5330,5
DRC_W,5316,5
DRC_W,6048,8
DRC_W,6992,4
DRC_W,3399,7
DRC_W,5882,2
DRC_W,6683,7
DRC_W,6555,1
DRC_W,6374,1
DRC_W,6726,8
DRC_W,6759,2
DRC_W,6618,2
DRC_W,6124,2
DRC_W,2252,1
DRC_W,3539,2
DRC_W,5961,8
DRC_W,3322,8
DRC_W,6587,8
DRC_W,6114,2
DRC_W,2192,1
DRC_W,5984,8
DRC_W,5949,2
DRC_W,6524,8
DRC_W,5529,5
DRC_W,6801,2
DRC_W,3335,1
DRC_W,6816,2
DRC_W,5414,5
DRC_W,5354,5
DRC_W,6837,4
DRC_W,6663,1
DRC_W,3373,1
DRC_W,6020,6
DRC_W,6960,4
DRC_W,1980,4
DRC_W,5983,8
DRC_W,6769,2
DRC_W,2333,3
DRC_W,5222,5
DRC_W,3358,1
DRC_W,3357,1
DRC_W,5266,5
DRC_W,6582,8
DRC_W,6746,7
DRC_W,5214,5
DRC_W,6638,2
DRC_W,6429,1
DRC_W,6983,4
DRC_W,6991,4
DRC_W,2361,3
DRC_W,2083,1
DRC_W,5680,2
DRC_W,6472,1
DRC_W,6783,2
DRC_W,3388,8
DRC_W,6855,1
DRC_W,6745,4
DRC_W,6622,7
DRC_W,3604,5
DRC_W,6863,4
DRC_W,3407,7
DRC_W,6626,1
DRC_W,2075,4
DRC_W,6508,8
DRC_W,6057,2
DRC_W,5698,5
DRC_W,3596,5
DRC_W,6931,4
DRC_W,3532,2
DRC_W,6612,8
DRC_W,2318,3
DRC_W,6521,6
DRC_W,2159,4
DRC_W,2031,1
DRC_W,2022,1
DRC_W,6578,1
DRC_W,3356,1
DRC_W,5307,5
DRC_W,2416,3
DRC_W,2417,3
DRC_W,3626,5
DRC_W,6288,2
DRC_W,6975,1
DRC_W,3343,1
DRC_W,2223,1
DRC_W,2110,4
DRC_W,6624,2
DRC_W,5220,5
DRC_W,3627,5
DRC_W,6654,7
DRC_W,3597,5
DRC_W,3312,8
DRC_W,2200,1
DRC_W,7044,3
DRC_W,6599,7
DRC_W,6090,8
DRC_W,6946,1
DRC_W,5900,2
DRC_W,6356,2
DRC_W,6428,1
DRC_W,6682,1
DRC_W,3334,1
DRC_W,2007,4
DRC_W,2079,4
DRC_W,3402,7
DRC_W,5262,5
DRC_W,6731,4
DRC_W,2270,1
DRC_W,6899,4
DRC_W,5263,5
DRC_W,5934,2
DRC_W,6720,4
DRC_W,6619,1
DRC_W,3623,5
DRC_W,3393,8
DRC_W,5936,2
DRC_W,3400,7
DRC_W,3383,8
DRC_W,5804,2
DRC_W,6636,1
DRC_W,5210,5
DRC_W,5250,5
DRC_W,3401,7
DRC_W,6581,2
DRC_W,6847,4
DRC_W,5998,8
DRC_W,5937,8
DRC_W,6791,4
DRC_W,2342,3
DRC_W,6680,2
DRC_W,6813,4
DRC_W,2061,4
DRC_W,6530,6
DRC_W,1705,5
DRC_W,7021,4
DRC_W,2274,1
DRC_W,3430,6
DRC_W,6504,2
DRC_W,6997,4
DRC_W,2142,4
DRC_W,2214,4
DRC_W,6385,1
DRC_W,6593,1
DRC_W,5319,5
DRC_W,6865,7
DRC_W,5188,5
DRC_W,6800,2
DRC_W,5182,5
DRC_W,3394,8
DRC_W,5296,5
DRC_W,5938,8
DRC_W,2261,1
DRC_W,6475,6
DRC_W,2053,1
DRC_W,5670,5
DRC_W,6438,6
DRC_W,6836,4
DRC_W,2134,4
DRC_W,3513,2
DRC_W,6351,1
DRC_W,6785,4
DRC_W,6652,8
DRC_W,6889,2
DRC_W,3419,6
DRC_W,5515,2
DRC_W,6319,1
DRC_W,2051,4
DRC_W,5226,5
DRC_W,2152,4
DRC_W,6846,2
DRC_W,5733,5
DRC_W,6614,1
DRC_W,6725,4
DRC_W,6866,4
DRC_W,6784,2
DRC_W,3311,8
DRC_W,6888,2
DRC_W,2170,4
DRC_W,6591,8
DRC_W,6748,6
DRC_W,6320,1
DRC_W,2059,1
DRC_W,6613,1
DRC_W,3631,5
DRC_W,3635,5
DRC_W,3600,5
DRC_W,6707,2
DRC_W,6763,2
DRC_W,3544,2
DRC_W,1907,7
DRC_W,5901,2
DRC_W,5288,5
DRC_W,6243,2
DRC_W,5212,5
DRC_W,6902,2
DRC_W,3380,1
DRC_W,5490,2
DRC_W,6744,2
DRC_W,6681,7
DRC_W,6366,1
DRC_W,3444,2
DRC_W,5999,8
DRC_W,6668,2
DRC_W,3452,2
DRC_W,3321,8
DRC_W,2119,4
DRC_W,6773,4
DRC_W,6656,2
DRC_W,6716,7
DRC_W,5618,5
DRC_W,6525,1
DRC_W,3342,1
DRC_W,5297,5
DRC_W,6600,7
DRC_W,6772,4
DRC_W,6858,2
DRC_W,5481,5
DRC_W,6757,4
DRC_W,6633,7
DRC_W,6646,1
DRC_W,6543,7
DRC_W,6009,8
DRC_W,6690,7
DRC_W,3543,2
DRC_W,6531,8
DRC_W,7013,4
DRC_W,2177,4
DRC_W,6942,4
DRC_W,5705,2
DRC_W,6616,7
DRC_W,3624,5
DRC_W,5561,5
DRC_W,2209,4
DRC_W,5489,5
DRC_W,5254,5
DRC_W,6913,2
DRC_W,2017,4
DRC_W,3332,1
DRC_W,6697,7
DRC_W,6758,6
DRC_W,6717,6
DRC_W,6890,2
DRC_W,3457,6
DRC_W,6901,2
DRC_W,6299,1
DRC_W,6831,2
DRC_W,6747,6
DRC_W,6430,6
DRC_W,3441,2
DRC_W,6418,6
DRC_W,2314,3
DRC_W,5485,5
DRC_W,6848,4
DRC_W,6645,7
DRC_W,6558,8
DRC_W,5873,2
DRC_W,6903,2
DRC_W,6076,6
DRC_W,6627,7
DRC_W,6570,7
DRC_W,6790,6
DRC_W,5950,8
DRC_W,6713,1
DRC_W,6756,6
DRC_W,3421,6
DRC_W,3630,5
DRC_W,6699,7
DRC_W,5142,5
DRC_W,6344,1
DRC_W,6611,2
DRC_W,2165,4
DRC_W,5215,5
DRC_W,5191,5
DRC_W,6723,6
DRC_W,5478,5
DRC_W,6628,7
DRC_W,3384,8
DRC_W,5154,5
DRC_W,3355,1
DRC_W,3625,5
DRC_W,1930,2
DRC_W,6688,6
DRC_W,6382,6
DRC_W,6873,4
DRC_W,6486,1
DRC_W,6844,2
DRC_W,2222,4
DRC_W,5276,5
DRC_W,6271,2
DRC_W,3395,7
DRC_W,6658,8
DRC_W,5583,5
DRC_W,3420,6
DRC_W,5208,5
DRC_W,6284,6
DRC_W,6598,1
DRC_W,3634,5
DRC_W,6749,2
DRC_W,6590,6
DRC_W,5145,5
DRC_W,3622,5
DRC_W,6399,6
DRC_W,6874,2
DRC_W,2056,1
DRC_W,2218,4
DRC_W,6868,4
DRC_W,6706,6
DRC_W,3423,6
DRC_W,6643,2
DRC_W,6545,1
DRC_W,3404,7
DRC_W,3602,5
DRC_W,6592,1
DRC_W,6891,4
DRC_W,6904,4
DRC_W,6908,4
DRC_W,6719,6
DRC_W,6928,4
DRC_W,5426,5
DRC_W,6396,6
DRC_W,3398,7
DRC_W,6678,6
DRC_W,6775,6
DRC_W,6922,4
DRC_W,6571,7
DRC_W,6808,6
DRC_W,5231,5
DRC_W,5280,5
DRC_W,6764,1
DRC_W,2278,4
DRC_W,3603,5
DRC_W,6454,6
DRC_W,7010,4
DRC_W,5644,5
DRC_W,5119,5
DRC_W,6585,7
DRC_W,3632,5
DRC_W,3451,2
DRC_W,6542,7
DRC_W,6487,1
DRC_W,6270,6
DRC_W,5223,5
DRC_W,3428,6
DRC_W,2176,4
DRC_W,2166,1
DRC_W,5536,2
DRC_W,6673,6
DRC_W,2238,4
DRC_W,6679,6
DRC_W,6814,6
DRC_W,6924,4
DRC_W,3533,2
DRC_W,6609,7
DRC_W,5926,8
DRC_W,6245,6
DRC_W,6687,6
DRC_W,2026,4
DRC_W,6974,4
DRC_W,3424,6
DRC_W,2311,4
DRC_W,6809,2
DRC_W,2147,1
DRC_W,6312,2
DRC_W,3587,5
DRC_W,3330,1
DRC_W,3397,7
DRC_W,3331,1
DRC_W,6431,6
DRC_W,3379,1
DRC_W,6276,1
DRC_W,3449,2
DRC_W,6517,6
DRC_W,6449,2
DRC_W,2260,4
DRC_W,5673,5
DRC_W,3387,8
DRC_W,6617,6
DRC_W,6286,1
DRC_W,6251,1
DRC_W,3633,5
DRC_W,5834,5
DRC_W,6743,6
DRC_W,6985,1
DRC_W,5134,5
DRC_W,2063,4
DRC_W,3422,6
DRC_W,5249,5
DRC_W,6305,1
DRC_W,7400,6
DRC_W,3534,2
DRC_W,3566,5
DRC_W,6996,4
DRC_W,6950,4
DRC_W,6735,4
DRC_W,6909,2
DRC_W,6577,6
DRC_W,3341,1
DRC_W,3310,8
DRC_W,5924,8
DRC_W,6982,4
DRC_W,5153,5
DRC_W,6615,7
DRC_W,7403,6
DRC_W,3340,1
DRC_W,3426,6
DRC_W,6828,4
DRC_W,5806,8
DRC_W,6266,1
DRC_W,2339,4
DRC_W,1880,2
DRC_W,5420,5
DRC_W,6632,8
DRC_W,6676,6
DRC_W,6606,6
DRC_W,3567,5
DRC_W,6995,4
DRC_W,5965,8
DRC_W,6458,6
DRC_W,1856,2
DRC_W,6361,1
DRC_W,6450,1
DRC_W,6738,4
DRC_W,6951,4
DRC_W,5721,5
DRC_W,6761,6
DRC_W,3385,8
DRC_W,5241,5
DRC_W,5977,8
DRC_W,3589,5
DRC_W,6506,7
DRC_W,5917,2
DRC_W,5146,5
DRC_W,6692,6
DRC_W,6885,4
DRC_W,6469,6
DRC_W,7038,4
DRC_W,6388,1
DRC_W,6862,4
DRC_W,3320,8
DRC_W,2027,1
DRC_W,6762,6
DRC_W,3537,2
DRC_W,6660,7
DRC_W,6765,6
DRC_W,6786,4
DRC_W,5789,2
DRC_W,5739,5
DRC_W,6565,7
DRC_W,6330,6
DRC_W,6467,7
DRC_W,6990,4
DRC_W,5623,5
DRC_W,6576,6
DRC_W,5674,5
DRC_W,5116,5
DRC_W,6936,2
DRC_W,6529,1
DRC_W,2090,4
DRC_W,6324,6
DRC_W,3531,2
DRC_W,5625,5
DRC_W,6230,1
DRC_W,3354,1
DRC_W,3588,5
DRC_W,6766,6
DRC_W,7008,4
DRC_W,7005,2
DRC_W,7129,6
DRC_W,2094,1
DRC_W,3425,6
DRC_W,6701,6
DRC_W,6910,2
DRC_W,3333,1
DRC_W,5284,5
DRC_W,6693,6
DRC_W,2254,4
DRC_W,6917,4
DRC_W,2058,4
DRC_W,5170,5
DRC_W,5309,5
DRC_W,6670,1
DRC_W,7396,6
DRC_W,5095,5
DRC_W,2480,4
DRC_W,6952,4
DRC_W,6282,6
DRC_W,3564,5
DRC_W,5415,5
DRC_W,3427,6
DRC_W,6292,6
DRC_W,7040,4
DRC_W,5397,5
DRC_W,6554,2
DRC_W,6383,6
DRC_W,6737,6
DRC_W,6742,6
DRC_W,7399,6
DRC_W,5823,8
DRC_W,2054,1
DRC_W,6755,6
DRC_W,5115,5
DRC_W,6569,7
DRC_W,7394,6
DRC_W,6799,6
DRC_W,5409,5
DRC_W,2103,4
DRC_W,3329,1
DRC_W,5361,5
DRC_W,3454,2
DRC_W,7045,4
DRC_W,5203,5
DRC_W,7402,6
DRC_W,6192,6
DRC_W,7426,6
DRC_W,6439,2
DRC_W,5159,5
DRC_W,6451,7
DRC_W,5171,5
DRC_W,2255,4
DRC_W,5971,8
DRC_W,6222,6
DRC_W,3446,2
DRC_W,5295,5
DRC_W,5098,5
DRC_W,6246,6
DRC_W,6664,6
DRC_W,3351,1
DRC_W,7406,6
DRC_W,5925,6
DRC_W,7001,4
DRC_W,6696,1
DRC_W,7006,4
DRC_W,6195,1
DRC_W,7387,6
DRC_W,6329,6
DRC_W,6136,1
DRC_W,6363,7
DRC_W,6500,7
DRC_W,5530,5
DRC_W,6403,7
DRC_W,6502,1
DRC_W,6520,7
DRC_W,3565,5
DRC_W,5195,5
DRC_W,3396,7
DRC_W,5387,5
DRC_W,3456,6
DRC_W,3455,2
DRC_W,6722,6
DRC_W,5137,5
DRC_W,6156,1
DRC_W,5493,5
DRC_W,1874,2
DRC_W,5368,5
DRC_W,5141,5
DRC_W,3386,8
DRC_W,6907,4
DRC_W,6650,2
DRC_W,6142,1
DRC_W,7086,6
DRC_W,6209,1
DRC_W,2186,4
DRC_W,6464,7
DRC_W,3521,2
DRC_W,5773,5
DRC_W,5227,5
DRC_W,6718,2
DRC_W,6133,6
DRC_W,6774,6
DRC_W,5175,5
DRC_W,6515,7
DRC_W,7093,6
DRC_W,2428,4
DRC_W,3448,2
DRC_W,6918,4
DRC_W,5419,5
DRC_W,6219,6
DRC_W,6981,4
DRC_W,5899,8
DRC_W,7130,6
DRC_W,3339,1
DRC_W,5205,5
DRC_W,7019,4
DRC_W,6823,2
DRC_W,7381,6
DRC_W,5363,5
DRC_W,6825,6
DRC_W,2167,1
DRC_W,2126,4
DRC_W,6789,6
DRC_W,6468,7
DRC_W,6993,4
DRC_E,1707,3
DRC_E,1709,3
DRC_E,1708,3
DRC_E,1453,4
DRC_E,1704,3
DRC_E,1701,3
DRC_E,1380,4
DRC_E,1405,4
DRC_E,2545,2
DRC_E,2518,2
DRC_E,1533,4
DRC_E,1370,4
DRC_E,1710,3
DRC_E,2580,2
DRC_E,2448,2
DRC_E,2526,2
DRC_E,1417,1
DRC_E,1549,4
DRC_E,646,2
DRC_E,1301,4
DRC_E,2404,2
DRC_E,1422,4
DRC_E,1471,4
DRC_E,2397,2
DRC_E,2395,2
DRC_E,2520,2
DRC_E,2498,2
DRC_E,2433,2
DRC_E,1548,4
DRC_E,1406,4
DRC_E,1339,4
DRC_E,2484,2
DRC_E,1485,4
DRC_E,2621,2
DRC_E,2446,2
DRC_E,2372,2
DRC_E,1212,4
DRC_E,2411,2
DRC_E,40,4
DRC_E,1530,1
DRC_E,645,2
DRC_E,42,4
DRC_E,2548,2
DRC_E,2517,2
DRC_E,2364,2
DRC_E,2430,2
DRC_E,1226,4
DRC_E,2540,2
DRC_E,2451,2
DRC_E,39,4
DRC_E,644,2
DRC_E,1205,4
DRC_E,2403,2
DRC_E,2201,2
DRC_E,690,2
DRC_E,681,2
DRC_E,1393,1
DRC_E,1433,4
DRC_E,655,2
DRC_E,1363,4
DRC_E,1429,4
DRC_E,1440,4
DRC_E,1699,3
DRC_E,2544,2
DRC_E,41,4
DRC_E,1209,4
DRC_E,1702,3
DRC_E,1398,4
DRC_E,683,2
DRC_E,1458,4
DRC_E,2187,2
DRC_E,2287,2
DRC_E,1411,1
DRC_E,2510,2
DRC_E,2459,2
DRC_E,1362,4
DRC_E,1520,4
DRC_E,1531,4
DRC_E,2386,2
DRC_E,38,4
DRC_E,1505,4
DRC_E,2320,2
DRC_E,654,2
DRC_E,2396,2
DRC_E,2575,2
DRC_E,1470,4
DRC_E,1206,4
DRC_E,1509,4
DRC_E,2432,2
DRC_E,1540,4
DRC_E,1491,4
DRC_E,43,4
DRC_E,37,4
DRC_E,1544,4
DRC_E,2507,2
DRC_E,1518,4
DRC_E,1525,4
DRC_E,2377,2
DRC_E,1546,4
DRC_E,1462,4
DRC_E,682,2
DRC_E,1703,3
DRC_E,1486,4
DRC_E,1454,1
DRC_E,5105,3
DRC_E,1412,4
DRC_E,2579,2
DRC_E,1364,4
DRC_E,2622,2
DRC_E,1366,4
DRC_E,5086,3
DRC_E,653,2
DRC_E,1383,4
DRC_E,805,4
DRC_E,1484,4
DRC_E,1517,4
DRC_E,1700,3
DRC_E,684,2
DRC_E,1420,4
DRC_E,781,4
DRC_E,1503,4
DRC_E,643,2
DRC_E,787,4
DRC_E,1545,4
DRC_E,1550,4
DRC_E,1392,1
DRC_E,786,4
DRC_E,1560,4
DRC_E,1563,1
DRC_E,1446,4
DRC_E,1334,4
DRC_E,1487,4
DRC_E,1432,1
DRC_E,642,2
DRC_E,1516,4
DRC_E,45,4
DRC_E,1565,4
DRC_E,662,2
DRC_E,1270,4
DRC_E,785,4
DRC_E,1562,4
DRC_E,789,4
DRC_E,1539,4
DRC_E,1409,1
DRC_E,798,4
DRC_E,782,4
DRC_E,1464,1
DRC_E,1399,4
DRC_E,1230,4
DRC_E,1716,3
DRC_E,1295,1
DRC_E,1221,4
DRC_E,1715,3
DRC_E,1427,4
DRC_E,1461,4
DRC_E,5100,3
DRC_E,788,4
DRC_E,1718,3
DRC_E,1566,4
DRC_E,1441,4
DRC_E,1365,4
DRC_E,661,2
DRC_E,806,4
DRC_E,1469,1
DRC_E,1296,1
DRC_E,652,2
DRC_E,779,4
DRC_E,1311,4
DRC_E,1381,4
DRC_E,799,4
DRC_E,5376,3
DRC_E,1287,1
DRC_E,1227,4
DRC_E,1327,1
DRC_E,641,2
DRC_E,676,2
DRC_E,1310,4
DRC_E,790,4
DRC_E,801,4
DRC_E,1567,1
DRC_E,800,4
DRC_E,791,4
DRC_E,1400,4
DRC_E,5031,3
DRC_E,44,4
DRC_E,2365,2
DRC_E,46,4
DRC_E,1313,4
DRC_E,1448,4
DRC_E,5236,3
DRC_E,1352,4
DRC_E,1489,1
DRC_E,784,4
DRC_E,1277,1
DRC_E,1642,4
DRC_E,1450,4
DRC_E,35,4
DRC_E,804,4
DRC_E,2202,2
DRC_E,797,4
DRC_E,668,2
DRC_E,1645,4
DRC_E,1717,3
DRC_E,1481,4
DRC_E,1542,4
DRC_E,5143,3
DRC_E,1500,1
DRC_E,2080,2
DRC_E,1336,4
DRC_E,2371,2
DRC_E,780,4
DRC_E,1281,4
DRC_E,687,2
DRC_E,1333,1
DRC_E,1312,4
DRC_E,1497,4
DRC_E,1641,4
DRC_E,651,2
DRC_E,1335,4
DRC_E,1564,4
DRC_E,1388,1
DRC_E,1297,1
DRC_E,660,2
DRC_E,36,4
DRC_E,1640,4
DRC_E,677,2
DRC_E,1650,4
DRC_E,678,2
DRC_E,1588,4
DRC_E,1445,1
DRC_E,802,4
DRC_E,1577,4
DRC_E,1600,1
DRC_E,1519,4
DRC_E,803,4
DRC_E,1714,3
DRC_E,667,2
DRC_E,640,2
DRC_E,1292,1
DRC_E,1658,4
DRC_E,1974,2
DRC_E,1719,3
DRC_E,1711,3
DRC_E,1653,4
DRC_E,1536,4
DRC_E,1468,1
DRC_E,1428,1
DRC_E,679,2
DRC_E,1375,1
DRC_E,1122,1
DRC_E,5071,3
DRC_E,666,2
DRC_E,6203,3
DRC_E,1590,4
DRC_E,1288,4
DRC_E,1648,4
DRC_E,5270,3
DRC_E,6117,3
DRC_E,1574,4
DRC_E,1555,1
DRC_E,1611,4
DRC_E,6228,3
DRC_E,1626,1
DRC_E,659,2
DRC_E,1271,4
DRC_E,783,4
DRC_E,1598,1
DRC_E,1253,4
DRC_E,794,4
DRC_E,1280,1
DRC_E,5053,3
DRC_E,6141,3
DRC_E,1589,1
DRC_E,1723,3
DRC_E,1177,1
DRC_E,1527,1
DRC_E,5204,3
DRC_E,639,2
DRC_E,1643,4
DRC_E,1291,1
DRC_E,688,2
DRC_E,650,2
DRC_E,1654,4
DRC_E,1597,1
DRC_E,5027,3
DRC_E,1110,1
DRC_E,1637,4
DRC_E,1594,4
DRC_E,1276,1
DRC_E,1713,3
DRC_E,1720,3
DRC_E,1144,4
DRC_E,3403,2
DRC_E,1202,1
DRC_E,670,2
DRC_E,665,2
DRC_E,1739,3
DRC_E,1215,1
DRC_E,6841,2
DRC_E,1264,1
DRC_E,5085,3
DRC_E,1586,4
DRC_E,1479,4
DRC_E,5037,3
DRC_E,1578,4
DRC_E,1534,4
DRC_E,1630,4
DRC_E,647,2
DRC_E,1612,1
DRC_E,1661,4
DRC_E,5704,3
DRC_E,1728,3
DRC_E,5661,3
DRC_E,5753,3
DRC_E,1651,4
DRC_E,1745,3
DRC_E,796,4
DRC_E,6819,2
DRC_E,1607,1
DRC_E,638,2
DRC_E,5107,3
DRC_E,5056,3
DRC_E,1266,1
DRC_E,1623,4
DRC_E,1075,1
DRC_E,1665,4
DRC_E,5840,3
DRC_E,1109,1
DRC_E,3406,2
DRC_E,637,2
DRC_E,1591,4
DRC_E,5030,3
DRC_E,1734,3
DRC_E,1115,1
DRC_E,648,2
DRC_E,4048,4
DRC_E,6081,3
DRC_E,2111,2
DRC_E,1649,4
DRC_E,990,1
DRC_E,1019,1
DRC_E,1822,2
DRC_E,793,4
DRC_E,1698,3
DRC_E,1631,4
DRC_E,658,2
DRC_E,1655,4
DRC_E,1750,3
DRC_E,1860,2
DRC_E,3405,2
DRC_E,669,2
DRC_E,1652,4
DRC_E,1208,1
DRC_E,5221,3
DRC_E,1286,1
DRC_E,1007,1
DRC_E,4103,4
DRC_E,2120,2
DRC_E,1656,4
DRC_E,1231,1
DRC_E,775,4
DRC_E,5242,3
DRC_E,1169,4
DRC_E,1596,4
DRC_E,1671,4
DRC_E,1826,2
DRC_E,5323,3
DRC_E,1260,1
DRC_E,664,2
DRC_E,1722,3
DRC_E,1721,3
DRC_E,1020,1
DRC_E,5029,3
DRC_E,6730,2
DRC_E,1616,1
DRC_E,1647,4
DRC_E,1629,4
DRC_E,1659,4
DRC_E,1173,1
DRC_E,5243,3
DRC_E,5219,3
DRC_E,2038,2
DRC_E,4067,4
DRC_E,1605,1
DRC_E,1657,4
DRC_E,1203,1
DRC_E,1638,4
DRC_E,6736,2
DRC_E,1225,1
DRC_E,2043,2
DRC_E,6788,2
DRC_E,1644,4
DRC_E,2048,2
DRC_E,1668,4
DRC_E,1663,4
DRC_E,6691,2
DRC_E,1674,4
DRC_E,47,4
DRC_E,2076,2
DRC_E,1012,1
DRC_E,6961,2
DRC_E,1309,1
DRC_E,5016,3
DRC_E,1490,1
DRC_E,1189,1
DRC_E,1604,4
DRC_E,4121,4
DRC_E,2024,2
DRC_E,1141,1
DRC_E,1119,1
DRC_E,969,1
DRC_E,7374,3
DRC_E,1609,4
DRC_E,1587,4
DRC_E,34,1
DRC_E,1673,4
DRC_E,5831,3
DRC_E,1672,4
DRC_E,2106,2
DRC_E,1991,2
DRC_E,1593,1
DRC_E,1557,1
DRC_E,1748,3
DRC_E,1004,1
DRC_E,1559,1
DRC_E,770,4
DRC_E,1267,1
DRC_E,772,4
DRC_E,1016,1
DRC_E,1233,1
DRC_E,6166,3
DRC_E,792,4
DRC_E,4144,4
DRC_E,1725,3
DRC_E,956,1
DRC_E,5906,3
DRC_E,5798,3
DRC_E,5207,3
DRC_E,1608,4
DRC_E,4175,4
DRC_E,759,2
DRC_E,6086,3
DRC_E,2070,2
DRC_E,6803,2
DRC_E,739,2
DRC_E,2039,2
DRC_E,1194,1
DRC_E,1601,4
DRC_E,6191,3
DRC_E,1090,1
DRC_E,1639,1
DRC_E,5338,3
DRC_E,2033,2
DRC_E,657,2
DRC_E,6915,2
DRC_E,7334,3
DRC_E,1483,1
DRC_E,5012,3
DRC_E,748,2
DRC_E,6883,2
DRC_E,5024,3
DRC_E,5332,3
DRC_E,7359,3
DRC_E,6934,2
DRC_E,2029,2
DRC_E,1635,1
DRC_E,33,1
DRC_E,2081,2
DRC_E,1992,2
DRC_E,738,2
DRC_E,2019,2
DRC_E,1669,4
DRC_E,1646,1
DRC_E,1618,1
DRC_E,741,2
DRC_E,742,2
DRC_E,740,2
DRC_E,1014,1
DRC_E,4047,4
DRC_E,1697,3
DRC_E,656,2
DRC_E,7375,3
DRC_E,5315,3
DRC_E,771,4
DRC_E,4979,3
DRC_E,1634,1
DRC_E,1541,1
DRC_E,1570,1
DRC_E,1079,1
DRC_E,1955,2
DRC_E,4125,4
DRC_E,5099,3
DRC_E,1571,4
DRC_E,1031,1
DRC_E,6778,2
DRC_E,774,4
DRC_E,776,4
DRC_E,1599,1
Djibouti,16,1
Djibouti,15,1
Egypt_CN,890,1
Egypt_CN,891,1
Egypt_CN,876,1
Egypt_CN,894,1
Egypt_CN,892,1
Egypt_CN,893,1
Egypt_CN,895,1
Egypt_CN,888,1
Egypt_CN,887,1
Egypt_CN,897,1
Egypt_CN,151,1
Egypt_CN,171,2
Egypt_CN,886,1
Egypt_CN,152,2
Egypt_CN,896,1
Egypt_CN,899,1
Egypt_CN,926,1
Egypt_CN,127,1
Egypt_CN,932,2
Egypt_CN,905,1
Egypt_CN,119,2
Egypt_CN,153,2
Egypt_CN,150,1
Egypt_CN,133,2
Egypt_CN,118,2
Egypt_CN,889,1
Egypt_CN,126,1
Egypt_CN,863,1
Egypt_CN,168,2
Egypt_CN,273,2
Egypt_CN,98,1
Egypt_CN,869,1
Egypt_CN,254,2
Egypt_CN,898,1
Egypt_CN,146,2
Egypt_CN,883,1
Egypt_CN,170,2
Egypt_CN,870,1
Egypt_CN,908,1
Egypt_CN,882,1
Egypt_CN,149,1
Egypt_CN,189,2
Egypt_CN,247,2
Egypt_CN,923,1
Egypt_CN,125,1
Egypt_CN,900,1
Egypt_CN,912,1
Egypt_CN,937,2
Egypt_CN,861,1
Egypt_CN,264,2
Egypt_CN,272,2
Egypt_CN,940,2
Egypt_CN,113,2
Egypt_CN,265,2
Egypt_CN,942,2
Egypt_CN,902,1
Egypt_CN,132,2
Egypt_CN,936,2
Egypt_CN,911,1
Egypt_CN,910,1
Egypt_CN,901,1
Egypt_CN,141,2
Egypt_CN,114,2
Egypt_CN,169,2
Egypt_CN,931,1
Egypt_CN,862,1
Egypt_CN,875,1
Egypt_CN,1453,1
Egypt_CN,165,2
Egypt_CN,143,2
Egypt_CN,329,2
Egypt_CN,142,2
Egypt_CN,925,1
Egypt_CN,864,1
Egypt_CN,941,2
Egypt_CN,878,1
Egypt_CN,904,1
Egypt_CN,282,2
Egypt_CN,163,2
Egypt_CN,90,1
Egypt_CN,130,2
Egypt_CN,230,2
Egypt_CN,129,2
Egypt_CN,140,2
Egypt_CN,172,2
Egypt_CN,216,2
Egypt_CN,256,2
Egypt_CN,199,2
Egypt_CN,148,1
Egypt_CN,309,2
Egypt_CN,1446,1
Egypt_CN,128,1
Egypt_CN,307,2
Egypt_CN,161,2
Egypt_CN,1467,1
Egypt_CN,1472,1
Egypt_CN,1460,1
Egypt_CN,74,2
Egypt_CN,860,1
Egypt_CN,89,1
Egypt_CN,147,2
Egypt_CN,328,2
Egypt_CN,907,1
Egypt_CN,922,1
Egypt_CN,284,2
Egypt_CN,162,2
Egypt_CN,1448,1
Egypt_CN,115,2
Egypt_CN,277,2
Egypt_CN,1398,1
Egypt_CN,109,2
Egypt_CN,298,2
Egypt_CN,248,2
Egypt_CN,285,2
Egypt_CN,1412,1
Egypt_CN,134,2
Egypt_CN,924,1
Egypt_CN,872,1
Egypt_CN,281,2
Egypt_CN,164,2
Egypt_CN,137,2
Egypt_CN,120,2
Egypt_CN,918,1
Egypt_CN,144,2
Egypt_CN,206,2
Egypt_CN,87,1
Egypt_CN,1462,1
Egypt_CN,885,1
Egypt_CN,1447,1
Egypt_UE,317,1
Egypt_UE,295,1
Egypt_UE,366,1
Egypt_UE,293,1
Egypt_UE,321,1
Egypt_UE,447,1
Egypt_UE,938,1
Egypt_UE,473,1
Egypt_UE,603,1
Egypt_UE,939,1
Egypt_UE,302,1
Egypt_UE,1456,1
Egypt_UE,294,1
Egypt_UE,934,1
Egypt_UE,318,1
Egypt_UE,602,1
Egypt_UE,296,1
Egypt_UE,343,1
Egypt_UE,571,1
Egypt_UE,935,1
Egypt_UE,322,1
Egypt_UE,346,1
Egypt_UE,301,1
Eritrea,212,1
Eritrea,210,1
Eritrea,213,1
Eritrea,88,1
Eritrea,87,1
Eritrea,97,1
Eritrea,113,1
Eritrea,211,1
Eritrea,101,1
Eritrea,110,1
Eritrea,208,1
Eritrea,96,1
Eritrea,67,1
Eritrea,78,1
Eritrea,98,1
Eritrea,214,1
Eritrea,102,1
Eritrea,89,1
Eritrea,92,1
Eritrea,207,1
Eritrea,106,1
Eritrea,68,1
Eritrea,112,1
Eritrea,79,1
Eritrea,80,1
Eritrea,100,1
Eritrea,108,1
Eritrea,117,1
Eritrea,218,1
Eritrea,215,1
Eritrea,90,1
Eritrea,99,1
Eritrea,103,1
Eritrea,219,1
Ethiopia,631,3
Ethiopia,629,3
Ethiopia,628,3
Ethiopia,3138,3
Ethiopia,535,5
Ethiopia,279,4
Ethiopia,285,4
Ethiopia,632,3
Ethiopia,3132,3
Ethiopia,630,3
Ethiopia,457,2
Ethiopia,280,4
Ethiopia,284,4
Ethiopia,215,3
Ethiopia,67,3
Ethiopia,3118,3
Ethiopia,418,4
Ethiopia,458,2
Ethiopia,506,6
Ethiopia,3129,3
Ethiopia,526,5
Ethiopia,567,3
Ethiopia,500,1
Ethiopia,580,3
Ethiopia,581,3
Ethiopia,528,5
Ethiopia,407,4
Ethiopia,216,3
Ethiopia,408,4
Ethiopia,410,4
Ethiopia,3102,3
Ethiopia,289,4
Ethiopia,426,4
Ethiopia,281,4
Ethiopia,2317,6
Ethiopia,3090,3
Ethiopia,420,4
Ethiopia,459,2
Ethiopia,2309,6
Ethiopia,481,6
Ethiopia,214,3
Ethiopia,522,5
Ethiopia,293,4
Ethiopia,419,4
Ethiopia,601,3
Ethiopia,2394,1
Ethiopia,294,4
Ethiopia,464,2
Ethiopia,286,4
Ethiopia,282,4
Ethiopia,429,4
Ethiopia,3120,3
Ethiopia,492,1
Ethiopia,277,4
Ethiopia,68,3
Ethiopia,495,1
Ethiopia,210,3
Ethiopia,217,3
Ethiopia,87,3
Ethiopia,461,2
Ethiopia,218,3
Ethiopia,491,1
Ethiopia,3105,3
Ethiopia,626,3
Ethiopia,288,4
Ethiopia,536,5
Ethiopia,278,4
Ethiopia,489,1
Ethiopia,520,6
Ethiopia,2549,5
Ethiopia,2007,4
Ethiopia,411,4
Ethiopia,283,4
Ethiopia,454,2
Ethiopia,226,3
Ethiopia,290,4
Ethiopia,3083,3
Ethiopia,287,4
Ethiopia,460,2
Ethiopia,585,3
Ethiopia,422,4
Ethiopia,462,2
Ethiopia,395,4
Ethiopia,2150,2
Ethiopia,95,3
Ethiopia,432,4
Ethiopia,594,3
Ethiopia,465,2
Ethiopia,2291,1
Ethiopia,2870,3
Ethiopia,591,3
Ethiopia,616,3
Ethiopia,2578,5
Ethiopia,1650,5
Ethiopia,225,3
Ethiopia,2940,3
Ethiopia,433,4
Ethiopia,2849,3
Ethiopia,105,3
Ethiopia,2848,3
Ethiopia,2026,4
Ethiopia,557,3
Ethiopia,291,4
Ethiopia,2858,3
Ethiopia,428,4
Ethiopia,1652,5
Ethiopia,2268,1
Ethiopia,425,4
Ethiopia,2169,2
Ethiopia,523,5
Ethiopia,2640,5
Ethiopia,2425,1
Ethiopia,2938,3
Ethiopia,525,6
Ethiopia,307,4
Ethiopia,2029,4
Ethiopia,106,3
Ethiopia,436,4
Ethiopia,2149,2
Ethiopia,2872,3
Ethiopia,584,3
Ethiopia,564,3
Ethiopia,2488,6
Ethiopia,2366,1
Ethiopia,2551,5
Ethiopia,2850,3
Ethiopia,2142,2
Ethiopia,2613,5
Ethiopia,211,3
Ethiopia,376,4
Ethiopia,2597,5
Ethiopia,414,4
Ethiopia,219,3
Ethiopia,276,4
Ethiopia,1979,4
Ethiopia,1972,4
Ethiopia,2836,3
Ethiopia,1975,4
Ethiopia,573,3
Ethiopia,2439,1
Ethiopia,510,6
Ethiopia,224,3
Ethiopia,2883,3
Ethiopia,515,6
Ethiopia,306,4
Ethiopia,2187,2
Ethiopia,2778,3
Ethiopia,274,6
Ethiopia,443,4
Ethiopia,2327,6
Ethiopia,441,4
Ethiopia,416,4
Ethiopia,2903,3
Ethiopia,2627,5
Ethiopia,107,3
Ethiopia,532,3
Ethiopia,578,3
Ethiopia,2969,3
Ethiopia,2825,3
Ethiopia,398,4
Ethiopia,417,4
Ethiopia,308,4
Ethiopia,2105,2
Ethiopia,2238,1
Ethiopia,427,4
Ethiopia,2131,2
Ethiopia,223,3
Ethiopia,582,3
Ethiopia,2233,1
Ethiopia,2323,6
Ethiopia,127,3
Ethiopia,565,3
Ethiopia,2128,2
Ethiopia,302,4
Ethiopia,2784,3
Ethiopia,2884,3
Ethiopia,2145,2
Ethiopia,1944,4
Ethiopia,332,2
Ethiopia,275,4
Ethiopia,1943,4
Ethiopia,521,6
Ethiopia,320,4
Ethiopia,2746,3
Ethiopia,2586,5
Ethiopia,2623,3
Ethiopia,222,3
Ethiopia,98,3
Ethiopia,456,2
Ethiopia,126,3
Ethiopia,303,4
Ethiopia,574,3
Ethiopia,2020,4
Ethiopia,2381,1
Ethiopia,2947,3
Ethiopia,2165,2
Ethiopia,1872,1
Ethiopia,519,5
Ethiopia,2164,2
Ethiopia,2812,3
Ethiopia,1986,4
Ethiopia,2811,3
Ethiopia,538,3
Ethiopia,3001,3
Ethiopia,2002,4
Ethiopia,396,4
Ethiopia,1166,3
Ethiopia,2601,5
Ethiopia,313,4
Ethiopia,2387,1
Ethiopia,452,2
Ethiopia,2948,3
Ethiopia,2153,2
Ethiopia,2869,3
Ethiopia,1651,5
Ethiopia,116,3
Ethiopia,406,4
Ethiopia,212,3
Ethiopia,455,2
Ethiopia,2156,2
Ethiopia,2785,3
Ethiopia,2922,3
Ethiopia,453,2
Ethiopia,563,3
Ethiopia,577,3
Ethiopia,319,4
Ethiopia,424,4
Ethiopia,321,4
Ethiopia,2208,2
Ethiopia,1930,2
Ethiopia,2653,5
Ethiopia,1945,4
Ethiopia,2152,2
Ethiopia,2410,1
Ethiopia,2843,3
Ethiopia,220,3
Ethiopia,561,3
Ethiopia,2823,3
Ethiopia,2568,5
Ethiopia,2171,2
Ethiopia,2629,5
Ethiopia,2647,5
Ethiopia,568,3
Ethiopia,1113,3
Ethiopia,2154,2
Ethiopia,379,4
Ethiopia,383,4
Ethiopia,3075,3
Ethiopia,2332,6
Ethiopia,559,3
Ethiopia,1981,4
Ethiopia,2242,1
Ethiopia,431,4
Ethiopia,122,3
Ethiopia,2995,3
Ethiopia,2460,6
Ethiopia,3066,3
Ethiopia,524,6
Ethiopia,537,3
Ethiopia,2272,6
Ethiopia,378,4
Ethiopia,546,3
Ethiopia,2574,5
Ethiopia,2334,1
Ethiopia,2875,3
Ethiopia,380,4
Ethiopia,2776,3
Ethiopia,386,4
Ethiopia,413,4
Ethiopia,2859,3
Ethiopia,2861,3
Ethiopia,1874,1
Ethiopia,2304,1
Ethiopia,2788,3
Ethiopia,516,6
Ethiopia,2644,3
Ethiopia,1938,4
Ethiopia,423,2
Ethiopia,446,4
Ethiopia,539,3
Ethiopia,2359,1
Ethiopia,531,6
Ethiopia,392,2
Ethiopia,2865,3
Ethiopia,66,3
Ethiopia,1847,4
Ethiopia,381,4
Ethiopia,1948,4
Ethiopia,541,3
Ethiopia,338,2
Ethiopia,1844,4
Ethiopia,2274,2
Ethiopia,1980,4
Ethiopia,331,2
Ethiopia,430,4
Ethiopia,384,4
Ethiopia,2632,3
Ethiopia,1993,4
Ethiopia,2110,2
Ethiopia,2241,1
Ethiopia,305,4
Ethiopia,1940,4
Ethiopia,475,1
Ethiopia,1238,5
Ethiopia,2935,3
Ethiopia,2803,3
Ethiopia,2956,3
Ethiopia,2642,3
Ethiopia,1985,4
Ethiopia,3179,3
Ethiopia,2960,3
Ethiopia,3133,3
Ethiopia,314,4
Ethiopia,1195,3
Ethiopia,518,6
Ethiopia,118,3
Ethiopia,605,3
Ethiopia,2134,1
Ethiopia,2636,3
Ethiopia,2340,1
Ethiopia,110,3
Ethiopia,309,4
Ethiopia,2583,6
Ethiopia,3096,3
Ethiopia,2312,1
Ethiopia,2616,6
Ethiopia,1965,4
Ethiopia,2191,1
Ethiopia,388,2
Ethiopia,2209,2
Ethiopia,470,1
Ethiopia,556,3
Ethiopia,2054,4
Ethiopia,2009,4
Ethiopia,389,2
Ethiopia,2806,3
Ethiopia,2577,6
Ethiopia,330,2
Ethiopia,1990,4
Ethiopia,121,3
Ethiopia,2915,6
Ethiopia,2132,2
Ethiopia,1653,5
Ethiopia,2281,6
Ethiopia,421,2
Ethiopia,2541,5
Ethiopia,2824,3
Ethiopia,375,4
Ethiopia,1960,2
Ethiopia,103,3
Ethiopia,2767,3
Ethiopia,570,3
Ethiopia,2885,3
Ethiopia,583,3
Ethiopia,2260,2
Ethiopia,115,3
Ethiopia,2363,1
Ethiopia,2130,2
Ethiopia,119,3
Ethiopia,3190,3
Ethiopia,3029,3
Ethiopia,86,3
Ethiopia,1983,4
Ethiopia,624,3
Ethiopia,2978,3
Ethiopia,2839,3
Ethiopia,2365,1
Ethiopia,2826,3
Ethiopia,2579,5
Ethiopia,405,4
Ethiopia,99,3
Ethiopia,1929,2
Ethiopia,1165,3
Ethiopia,304,4
Ethiopia,2873,3
Ethiopia,310,4
Ethiopia,1485,6
Ethiopia,193,3
Ethiopia,2261,1
Ethiopia,1947,4
Ethiopia,2555,6
Ethiopia,2605,6
Ethiopia,1196,3
Ethiopia,2502,6
Ethiopia,1933,2
Ethiopia,2106,2
Ethiopia,311,4
Ethiopia,1646,5
Ethiopia,610,3
Ethiopia,2939,3
Ethiopia,1433,1
Ethiopia,2314,1
Ethiopia,2324,1
Ethiopia,1435,1
Ethiopia,497,1
Ethiopia,2497,6
Ethiopia,264,6
Ethiopia,1168,3
Ethiopia,2231,2
Ethiopia,265,5
Ethiopia,2567,6
Ethiopia,1957,4
Ethiopia,2436,6
Ethiopia,292,4
Ethiopia,1443,6
Ethiopia,1656,5
Ethiopia,3145,3
Ethiopia,2293,1
Ethiopia,1954,4
Ethiopia,2652,5
Ethiopia,3039,3
Ethiopia,2771,3
Ethiopia,2820,3
Ethiopia,1977,2
Ethiopia,560,3
Ethiopia,377,4
Ethiopia,2098,2
Ethiopia,2854,3
Ethiopia,2306,6
Ethiopia,322,4
Ethiopia,607,3
Ethiopia,604,3
Ethiopia,2095,2
Ethiopia,120,3
Ethiopia,562,3
Ethiopia,2821,3
Ethiopia,266,5
Ethiopia,445,4
Ethiopia,2787,3
Ethiopia,2004,2
Ethiopia,511,6
Ethiopia,2988,3
Ethiopia,2540,5
Ethiopia,299,4
Ethiopia,2143,2
Ethiopia,221,3
Ethiopia,2111,2
Ethiopia,1969,4
Ethiopia,263,6
Ethiopia,124,3
Ethiopia,2822,3
Ethiopia,2044,2
Ethiopia,2572,6
Ethiopia,1260,2
Ethiopia,479,6
Ethiopia,2468,6
Ethiopia,1254,4
Ethiopia,1994,4
Ethiopia,2031,4
Ethiopia,1334,2
Ethiopia,1942,4
Ethiopia,262,6
Ethiopia,2684,3
Ethiopia,530,6
Ethiopia,2190,2
Ethiopia,1459,6
Ethiopia,490,1
Ethiopia,2923,3
Ethiopia,2924,3
Ethiopia,1941,4
Ethiopia,2335,6
Ethiopia,572,3
Ethiopia,351,2
Ethiopia,130,3
Ethiopia,1992,4
Ethiopia,2041,2
Ethiopia,1112,3
Ethiopia,439,2
Ethiopia,65,3
Ethiopia,399,2
Ethiopia,2546,6
Ethiopia,2183,2
Ethiopia,2259,1
Ethiopia,356,2
Ethiopia,123,3
Ethiopia,2123,2
Ethiopia,2610,6
Ethiopia,2303,1
Ethiopia,117,3
Ethiopia,542,3
Ethiopia,1436,1
Ethiopia,3123,3
Ethiopia,527,6
Ethiopia,128,3
Ethiopia,3005,3
Ethiopia,213,3
Ethiopia,2833,3
Ethiopia,3017,3
Ethiopia,2487,6
Ethiopia,1333,2
Ethiopia,1190,3
Ethiopia,94,3
Ethiopia,2330,1
Ethiopia,1987,4
Ethiopia,1982,2
Ethiopia,1946,4
Ethiopia,2216,1
Ethiopia,382,4
Ethiopia,435,4
Ethiopia,2607,5
Ethiopia,2084,4
Ethiopia,61,3
Ethiopia,2045,4
Ethiopia,1493,2
Ethiopia,447,4
Ethiopia,2560,5
Ethiopia,2516,5
Ethiopia,271,6
Ethiopia,2753,3
Ethiopia,2170,2
Ethiopia,558,3
Ethiopia,2076,2
Ethiopia,1242,5
Ethiopia,2420,6
Ethiopia,2691,5
Ethiopia,92,3
Ethiopia,1853,4
Ethiopia,545,3
Ethiopia,2025,4
Ethiopia,2125,2
Ethiopia,2594,5
Ethiopia,93,3
Ethiopia,2446,1
Ethiopia,2127,1
Ethiopia,2831,3
Ethiopia,2003,4
Ethiopia,2435,1
Ethiopia,2133,2
Ethiopia,1854,4
Ethiopia,2252,2
Ethiopia,358,2
Ethiopia,3151,3
Ethiopia,2894,3
Ethiopia,1939,4
Ethiopia,554,3
Ethiopia,1159,6
Ethiopia,3127,3
Ethiopia,2224,2
Ethiopia,402,4
Ethiopia,2608,5
Ethiopia,369,2
Ethiopia,3050,3
Ethiopia,269,6
Ethiopia,1861,4
Ethiopia,569,3
Ethiopia,449,4
Ethiopia,2166,2
Ethiopia,1252,2
Ethiopia,1171,3
Ethiopia,2246,1
Ethiopia,344,2
Ethiopia,1203,3
Ethiopia,409,2
Ethiopia,2384,6
Ethiopia,2524,6
Ethiopia,2758,3
Ethiopia,2438,6
Ethiopia,1249,2
Ethiopia,301,4
Ethiopia,104,3
Ethiopia,2842,3
Ethiopia,552,3
Ethiopia,112,3
Ethiopia,1282,2
Ethiopia,2740,3
Ethiopia,2864,3
Ethiopia,312,4
Ethiopia,1997,4
Ethiopia,1445,6
Ethiopia,2220,2
Ethiopia,2315,1
Ethiopia,1846,4
Ethiopia,2325,1
Ethiopia,2580,5
Ethiopia,1475,6
Ethiopia,512,6
Ethiopia,2654,3
Ethiopia,438,2
Ethiopia,2193,2
Ethiopia,1251,2
Ethiopia,372,2
Ethiopia,1974,2
Ethiopia,97,3
Ethiopia,1467,6
Ethiopia,1659,5
Ethiopia,2239,2
Ethiopia,555,3
Ethiopia,349,2
Ethiopia,627,3
Ethiopia,1414,6
Ethiopia,1481,6
Ethiopia,2991,3
Ethiopia,608,3
Ethiopia,2139,2
Ethiopia,1187,3
Ethiopia,1862,4
Ethiopia,2998,3
Ethiopia,550,3
Ethiopia,3174,3
Ethiopia,2399,1
Ethiopia,337,2
Ethiopia,394,2
Ethiopia,1255,2
Ethiopia,1926,2
Ethiopia,2556,5
Ethiopia,1936,4
Ethiopia,1843,4
Ethiopia,1092,3
Ethiopia,2040,4
Ethiopia,296,4
Ethiopia,1248,2
Ethiopia,100,3
Ethiopia,451,2
Ethiopia,2887,3
Ethiopia,374,4
Ethiopia,477,6
Ethiopia,2635,3
Ethiopia,134,3
Ethiopia,2353,1
Ethiopia,2117,2
Ethiopia,2565,6
Ethiopia,2798,3
Ethiopia,1928,2
Ethiopia,1403,6
Ethiopia,85,3
Ethiopia,2219,2
Ethiopia,125,3
Ethiopia,91,3
Ethiopia,1093,3
Ethiopia,2155,2
Ethiopia,268,6
Ethiopia,2232,2
Ethiopia,2066,4
Ethiopia,1401,6
Ethiopia,2585,5
Ethiopia,656,3
Ethiopia,2295,1
Ethiopia,2262,1
Ethiopia,2793,3
Ethiopia,2631,5
Ethiopia,2751,6
Ethiopia,113,3
Ethiopia,434,2
Ethiopia,2596,5
Ethiopia,1873,1
Ethiopia,509,6
Ethiopia,3095,3
Ethiopia,1473,6
Ethiopia,579,3
Ethiopia,2199,2
Ethiopia,371,2
Ethiopia,2115,2
Ethiopia,1109,3
Ethiopia,272,6
Ethiopia,2896,3
Ethiopia,543,3
Ethiopia,1978,2
Ethiopia,2728,6
Ethiopia,1875,1
Ethiopia,1955,2
Ethiopia,1871,1
Ethiopia,2417,6
Ethiopia,270,6
Ethiopia,1193,3
Ethiopia,2570,5
Ethiopia,2393,1
Ethiopia,1996,2
Ethiopia,1437,1
Ethiopia,3143,3
Ethiopia,370,2
Ethiopia,2428,1
Ethiopia,2763,3
Ethiopia,2440,6
Ethiopia,401,2
Ethiopia,2276,1
Ethiopia,2528,5
Ethiopia,2559,5
Ethiopia,2042,4
Ethiopia,1202,6
Ethiopia,64,3
Ethiopia,2279,6
Ethiopia,2100,2
Ethiopia,2493,6
Ethiopia,1909,2
Ethiopia,2107,2
Ethiopia,2930,3
Ethiopia,135,3
Ethiopia,1245,2
Ethiopia,2283,1
Ethiopia,1998,4
Ethiopia,571,3
Ethiopia,2391,1
Ethiopia,2774,3
Ethiopia,368,2
Ethiopia,357,2
Ethiopia,2338,6
Ethiopia,415,2
Ethiopia,2539,6
Ethiopia,3218,3
Ethiopia,575,3
Ethiopia,2052,4
Ethiopia,1845,4
Ethiopia,1645,5
Ethiopia,2897,3
Ethiopia,129,3
Ethiopia,2222,1
Ethiopia,2532,5
Ethiopia,1825,4
Ethiopia,2226,1
Ethiopia,385,4
Ethiopia,2405,1
Ethiopia,3059,3
Ethiopia,2694,5
Ethiopia,1647,5
Ethiopia,1246,2
Ethiopia,1243,2
Ethiopia,2296,1
Ethiopia,267,6
Ethiopia,2447,6
Ethiopia,400,4
Ethiopia,2033,4
Ethiopia,474,1
Ethiopia,261,6
Ethiopia,1976,2
Ethiopia,1494,2
Ethiopia,2761,6
Ethiopia,2121,2
Ethiopia,2681,3
Ethiopia,514,6
Ethiopia,1492,2
Ethiopia,2913,6
Ethiopia,2847,3
Ethiopia,1198,6
Ethiopia,318,4
Ethiopia,2113,2
Ethiopia,2553,5
Ethiopia,3038,3
Ethiopia,2450,1
Ethiopia,2537,6
Ethiopia,2378,1
Ethiopia,353,2
KEN_WSTR,276,1
KEN_WSTR,274,1
KEN_WSTR,273,1
KEN_WSTR,277,1
KEN_WSTR,271,1
KEN_WSTR,283,1
KEN_WSTR,267,1
KEN_WSTR,270,1
KEN_WSTR,278,1
KEN_WSTR,239,1
KEN_WSTR,265,1
KEN_WSTR,861,1
KEN_WSTR,888,1
KEN_WSTR,263,1
KEN_WSTR,863,1
KEN_WSTR,266,1
KEN_WSTR,947,3
KEN_WSTR,238,1
KEN_WSTR,269,1
KEN_WSTR,240,1
KEN_WSTR,8,3
KEN_WSTR,296,3
KEN_WSTR,867,1
KEN_WSTR,302,2
KEN_WSTR,855,1
KEN_WSTR,300,2
KEN_WSTR,941,3
KEN_WSTR,859,1
KEN_WSTR,866,1
KEN_WSTR,259,1
KEN_WSTR,842,1
KEN_WSTR,844,1
KEN_WSTR,264,1
KEN_WSTR,298,3
KEN_WSTR,304,2
KEN_WSTR,851,1
KEN_WSTR,17,2
KEN_WSTR,846,1
KEN_WSTR,943,3
KEN_WSTR,303,2
KEN_WSTR,18,2
KEN_WSTR,272,1
KEN_WSTR,954,3
KEN_WSTR,232,1
KEN_WSTR,946,3
KEN_WSTR,247,1
KEN_WSTR,237,1
KEN_WSTR,242,1
KEN_WSTR,164,3
KEN_WSTR,299,3
KEN_WSTR,7,3
KEN_WSTR,883,1
KEN_WSTR,244,1
KEN_WSTR,818,1
KEN_WSTR,960,3
KEN_WSTR,971,3
KEN_WSTR,518,3
KEN_WSTR,868,1
KEN_WSTR,268,1
KEN_WSTR,519,3
KEN_WSTR,4,3
KEN_WSTR,287,1
KEN_WSTR,160,1
KEN_WSTR,236,1
KEN_WSTR,162,3
KEN_WSTR,845,1
KEN_WSTR,9,3
KEN_WSTR,301,2
KEN_WSTR,234,1
KEN_WSTR,5,3
KEN_WSTR,516,3
KEN_WSTR,856,3
KEN_WSTR,881,2
KEN_WSTR,854,1
KEN_WSTR,870,3
KEN_WSTR,871,1
KEN_WSTR,297,2
KEN_WSTR,515,3
KEN_WSTR,857,1
KEN_WSTR,878,1
KEN_WSTR,235,1
KEN_WSTR,858,1
KEN_WSTR,968,3
KEN_WSTR,241,1
KEN_WSTR,295,2
KEN_WSTR,849,1
KEN_WSTR,967,3
KEN_WSTR,930,2
KEN_WSTR,308,2
KEN_WSTR,879,1
KEN_WSTR,1001,3
KEN_WSTR,916,2
KEN_WSTR,582,1
KEN_WSTR,508,3
KEN_WSTR,939,3
KEN_WSTR,932,3
KEN_WSTR,231,1
KEN_WSTR,166,1
KEN_WSTR,922,3
KEN_WSTR,940,3
KEN_WSTR,25,2
KEN_WSTR,248,1
KEN_WSTR,12,3
KEN_WSTR,872,1
KEN_WSTR,161,1
KEN_WSTR,261,1
KEN_WSTR,165,1
KEN_WSTR,589,1
KEN_WSTR,877,1
KEN_WSTR,306,2
KEN_WSTR,230,1
KEN_WSTR,305,2
KEN_WSTR,246,1
KEN_WSTR,20,2
KEN_WSTR,944,3
KEN_WSTR,15,2
KEN_WSTR,823,1
KEN_WSTR,891,1
KEN_WSTR,572,3
KEN_WSTR,924,3
KEN_WSTR,984,2
KEN_WSTR,233,1
KEN_WSTR,848,1
KEN_WSTR,11,3
KEN_WSTR,550,3
KEN_WSTR,6,3
KEN_WSTR,22,2
KEN_WSTR,887,2
KEN_WSTR,19,2
KEN_WSTR,805,1
KEN_WSTR,926,3
KEN_WSTR,574,3
KEN_WSTR,824,1
KEN_WSTR,333,3
KEN_WSTR,977,3
KEN_WSTR,822,1
KEN_WSTR,957,3
KEN_WSTR,827,1
KEN_WSTR,850,1
KEN_WSTR,912,2
KEN_WSTR,24,2
KEN_WSTR,159,1
KEN_WSTR,514,3
KEN_WSTR,847,1
KEN_WSTR,913,2
KEN_WSTR,862,1
KEN_WSTR,571,3
KEN_WSTR,16,2
KEN_WSTR,245,1
KEN_WSTR,830,1
KEN_WSTR,949,2
KEN_WSTR,549,3
KEN_WSTR,373,3
KEN_WSTR,880,1
KEN_WSTR,910,1
KEN_WSTR,243,1
KEN_WSTR,935,2
KEN_WSTR,335,3
KEN_WSTR,917,3
KEN_WSTR,821,1
KEN_WSTR,931,3
KEN_WSTR,864,1
KEN_WSTR,257,1
KEN_WSTR,876,3
KEN_WSTR,945,3
KEN_WSTR,153,1
KEN_WSTR,507,3
KEN_WSTR,980,3
KEN_WSTR,562,3
KEN_WSTR,950,3
KEN_WSTR,601,1
KEN_WSTR,258,1
KEN_WSTR,900,1
KEN_WSTR,21,2
KEN_WSTR,374,3
KEN_WSTR,587,1
KEN_WSTR,14,3
KEN_WSTR,383,3
KEN_WSTR,1050,3
KEN_WSTR,869,2
KEN_WSTR,369,3
KEN_WSTR,987,2
KEN_WSTR,974,3
KEN_WSTR,569,1
KEN_WSTR,936,3
KEN_WSTR,596,1
KEN_WSTR,509,3
KEN_WSTR,570,1
KEN_WSTR,860,1
KEN_WSTR,966,3
KEN_WSTR,975,3
KEN_WSTR,1021,3
KEN_WSTR,598,1
KEN_WSTR,167,1
KEN_WSTR,169,1
KEN_WSTR,13,3
KEN_WSTR,919,2
KEN_WSTR,885,1
KEN_WSTR,955,3
KEN_WSTR,933,3
KEN_WSTR,23,2
KEN_WSTR,330,3
KEN_WSTR,588,1
KEN_MTKR,293,1
KEN_MTKR,291,1
KEN_MTKR,290,1
KEN_MTKR,146,1
KEN_MTKR,149,1
KEN_MTKR,199,1
KEN_MTKR,205,1
KEN_MTKR,200,1
KEN_MTKR,275,1
KEN_MTKR,279,1
KEN_MTKR,194,1
KEN_MTKR,201,1
KEN_MTKR,292,1
KEN_MTKR,286,1
KEN_MTKR,208,1
KEN_MTKR,198,1
KEN_MTKR,206,1
KEN_MTKR,196,1
KEN_MTKR,136,1
KEN_MTKR,294,1
KEN_MTKR,90,1
KEN_MTKR,195,1
KEN_MTKR,204,1
KEN_MTKR,122,1
KEN_MTKR,937,1
KEN_MTKR,73,1
KEN_MTKR,145,1
KEN_MTKR,280,1
KEN_MTKR,282,1
KEN_MTKR,938,1
KEN_MTKR,934,1
KEN_MTKR,197,1
KEN_MTKR,207,1
KEN_MTKR,202,1
KEN_MTKR,144,1
KEN_MTKR,928,1
KEN_MTKR,288,1
KEN_MTKR,285,1
KEN_MTKR,557,1
KEN_MTKR,289,1
KEN_MTKR,948,1
KEN_MTKR,203,1
KEN_MTKR,552,1
KEN_MTKR,942,1
KEN_MTKR,920,1
KEN_MTKR,551,1
KEN_MTKR,903,1
KEN_MTKR,148,1
KEN_MTKR,128,1
KEN_MTKR,554,1
KEN_MTKR,544,1
KEN_MTKR,147,1
KEN_MTKR,127,1
KEN_MTKR,534,1
KEN_MTKR,843,1
KEN_MTKR,904,1
KEN_MTKR,262,1
KEN_MTKR,958,1
KEN_MTKR,545,1
KEN_MTKR,91,1
KEN_MTKR,135,1
KEN_MTKR,555,1
KEN_MTKR,546,1
KEN_MTKR,556,1
KEN_MTKR,560,1
KEN_MTKR,126,1
KEN_MTKR,553,1
KEN_MTKR,132,1
KEN_MTKR,613,1
KEN_MTKR,210,1
KEN_MTKR,548,1
KEN_MTKR,558,1
KEN_MTKR,83,1
KEN_MTKR,901,1
KEN_MTKR,254,1
KEN_MTKR,543,1
KEN_MTKR,89,1
KEN_MTKR,539,1
KEN_MTKR,961,1
KEN_MTKR,614,1
KEN_MTKR,559,1
KEN_MTKR,907,1
KEN_MTKR,143,1
KEN_MTKR,533,1
Libya,277,2
Libya,714,2
Libya,248,2
Libya,158,2
Libya,247,2
Libya,246,2
Libya,2012,2
Libya,632,1
Libya,245,2
Libya,179,2
Libya,249,2
Libya,1224,1
Libya,278,2
Libya,621,1
Libya,1750,2
Libya,223,2
Libya,222,2
Libya,631,1
Libya,1223,1
Libya,276,2
Libya,1225,1
Libya,244,2
Libya,1805,2
Libya,1249,1
Libya,2095,2
Libya,622,1
Libya,609,1
Libya,979,1
Libya,221,2
Libya,1721,2
Libya,1139,1
Libya,1804,2
Libya,2051,1
Libya,1777,2
Libya,1192,1
Libya,306,2
Libya,797,1
Libya,798,1
Libya,1803,2
Libya,1247,1
Libya,1751,2
Libya,2054,1
Libya,279,2
Libya,619,1
Libya,2081,1
Libya,726,1
Libya,1330,1
Libya,217,2
Libya,1775,2
Libya,310,2
Libya,1245,1
Libya,1188,1
Libya,253,2
Libya,1219,1
Libya,620,1
Libya,1748,2
Libya,2090,1
Libya,157,2
Libya,1774,2
Libya,1112,1
Libya,1113,1
Libya,1722,2
Libya,825,1
Libya,696,1
Libya,159,2
Libya,1114,1
Libya,1248,1
Libya,1862,2
Libya,341,2
Libya,2069,2
Libya,642,1
Libya,1222,1
Libya,1238,1
Libya,1189,1
Libya,201,2
Libya,1164,1
Libya,2053,1
Libya,1261,1
Libya,1329,1
Libya,137,2
Libya,1243,1
Libya,1165,1
Libya,1833,2
Libya,136,2
Libya,1191,1
Libya,1166,1
Libya,2092,2
Libya,623,1
Libya,1244,1
Libya,1009,1
Libya,830,1
Libya,888,1
Libya,1695,2
Libya,1193,1
Libya,919,1
Libya,182,2
Libya,1713,2
Libya,1187,1
Libya,1778,2
Libya,1006,1
Libya,1749,2
Libya,1308,1
Libya,1262,1
Libya,2077,1
Libya,1218,1
Libya,1137,1
Libya,694,1
Libya,1138,1
Libya,613,1
Libya,978,1
Libya,1696,2
Libya,1087,1
Libya,1162,1
Libya,857,1
Libya,252,2
Libya,1064,1
Libya,1034,1
Libya,1260,1
Libya,608,1
Libya,1742,2
Libya,827,1
Libya,1714,2
Libya,858,1
Libya,768,1
Libya,1269,1
Libya,2082,1
Libya,1217,1
Libya,280,2
Libya,799,1
Rwanda,15,1
Rwanda,18,1
Rwanda,8,1
Rwanda,9,1
Rwanda,10,1
Rwanda,12,1
Rwanda,14,1
Rwanda,17,1
Rwanda,13,1
Rwanda,16,1
Rwanda,4,1
Rwanda,5,1
Rwanda,7,1
Rwanda,6,1
Rwanda,56,1
Rwanda,3,1
Rwanda,11,1
Rwanda,28,1
Rwanda,31,1
Rwanda,2,1
Rwanda,1,1
Rwanda,37,1
Rwanda,34,1
Rwanda,0,1
Rwanda,23,1
Rwanda,42,1
Rwanda,51,1
Rwanda,32,1
Rwanda,27,1
Rwanda,40,1
Rwanda,47,1
Rwanda,22,1
Rwanda,29,1
Rwanda,35,1
Rwanda,45,1
Rwanda,26,1
Rwanda,38,1
Rwanda,30,1
Rwanda,41,1
SouthSudan,437,1
SouthSudan,436,1
SouthSudan,438,1
SouthSudan,445,1
SouthSudan,447,1
SouthSudan,439,1
SouthSudan,446,1
SouthSudan,448,1
SouthSudan,454,1
SouthSudan,452,1
SouthSudan,465,1
SouthSudan,1233,1
SouthSudan,215,1
SouthSudan,213,1
SouthSudan,477,1
SouthSudan,219,1
SouthSudan,176,1
SouthSudan,217,1
SouthSudan,449,1
SouthSudan,216,1
SouthSudan,225,1
SouthSudan,440,1
SouthSudan,456,1
SouthSudan,191,1
SouthSudan,212,1
SouthSudan,218,1
SouthSudan,220,1
SouthSudan,204,1
SouthSudan,1208,1
SouthSudan,222,1
SouthSudan,175,1
SouthSudan,221,1
SouthSudan,481,1
SouthSudan,441,1
SouthSudan,206,1
SouthSudan,455,1
SouthSudan,227,1
SouthSudan,476,1
SouthSudan,482,1
SouthSudan,211,1
SouthSudan,1232,1
SouthSudan,1202,1
SouthSudan,1182,1
SouthSudan,193,1
SouthSudan,214,1
SouthSudan,457,1
SouthSudan,1207,1
SouthSudan,1199,1
SouthSudan,480,1
SouthSudan,205,1
SouthSudan,223,1
SouthSudan,453,1
SouthSudan,194,1
SouthSudan,246,1
SouthSudan,442,1
SouthSudan,174,1
SouthSudan,450,1
SouthSudan,173,1
SouthSudan,1198,1
SouthSudan,1206,1
SouthSudan,177,1
SouthSudan,1201,1
SouthSudan,473,1
SouthSudan,146,1
SouthSudan,1200,1
SouthSudan,1268,1
SouthSudan,451,1
SouthSudan,244,1
SouthSudan,444,1
SouthSudan,479,1
SouthSudan,172,1
SouthSudan,201,1
SouthSudan,462,1
SouthSudan,461,1
SouthSudan,458,1
SouthSudan,1128,1
SouthSudan,159,1
SouthSudan,1197,1
SouthSudan,1267,1
SouthSudan,463,1
SouthSudan,197,1
SouthSudan,464,1
SouthSudan,460,1
SouthSudan,145,1
SouthSudan,192,1
Sudan,628,1
Sudan,333,3
Sudan,663,1
Sudan,1702,1
Sudan,715,1
Sudan,653,1
Sudan,714,1
Sudan,713,1
Sudan,704,1
Sudan,1704,1
Sudan,334,3
Sudan,668,1
Sudan,671,1
Sudan,666,1
Sudan,670,1
Sudan,39,1
Sudan,28,1
Sudan,698,1
Sudan,662,1
Sudan,1,1
Sudan,20,1
Sudan,669,1
Sudan,566,1
Sudan,2955,2
Sudan,2891,1
Sudan,702,1
Sudan,626,1
Sudan,316,3
Sudan,2903,3
Sudan,627,1
Sudan,2893,1
Sudan,2953,2
Sudan,437,3
Sudan,703,1
Sudan,2912,3
Sudan,3,1
Sudan,2931,3
Sudan,2907,3
Sudan,2963,2
Sudan,2890,3
Sudan,612,1
Sudan,1705,1
Sudan,709,1
Sudan,2885,3
Sudan,2901,3
Sudan,2897,3
Sudan,2895,3
Sudan,2934,2
Sudan,697,1
Sudan,2923,3
Sudan,659,1
Sudan,2917,3
Sudan,665,1
Sudan,2958,2
Sudan,586,1
Sudan,2878,1
Sudan,2956,2
Sudan,1706,1
Sudan,2910,3
Sudan,83,3
Sudan,2949,2
Sudan,2944,2
Sudan,2146,2
Sudan,2948,2
Sudan,2091,2
Sudan,496,1
Sudan,2946,2
Sudan,169,3
Sudan,2884,3
Sudan,463,2
Sudan,2926,3
Sudan,2960,2
Sudan,699,1
Sudan,465,2
Sudan,522,1
Sudan,2892,1
Sudan,2947,2
Sudan,136,3
Sudan,2964,2
Sudan,464,2
Sudan,2902,3
Sudan,701,1
Sudan,137,3
Sudan,2962,2
Sudan,2937,2
Sudan,2954,2
Sudan,2951,2
Sudan,696,1
Sudan,2933,2
Sudan,2877,1
Sudan,353,3
Sudan,2129,2
Sudan,2952,2
Sudan,2950,2
Sudan,2900,1
Sudan,66,1
Sudan,2918,3
Sudan,2932,3
Sudan,548,1
Sudan,2943,2
Sudan,2150,2
Sudan,106,3
Sudan,462,2
Sudan,443,3
Sudan,2928,3
Sudan,105,3
Sudan,2894,1
Sudan,660,1
Sudan,2871,1
Sudan,2307,2
Sudan,14,1
Sudan,2752,3
Sudan,156,3
Sudan,2938,2
Sudan,2961,2
Sudan,651,1
Sudan,335,3
Sudan,99,1
Sudan,787,1
Sudan,2896,3
Sudan,511,2
Sudan,613,1
Sudan,436,3
Sudan,478,2
Sudan,743,1
Sudan,2876,3
Sudan,2302,2
Sudan,123,3
Sudan,2149,2
Sudan,2282,2
Sudan,432,3
Sudan,744,1
Sudan,456,2
Sudan,2084,2
Sudan,170,3
Sudan,2957,2
Sudan,29,1
Sudan,1739,2
Sudan,625,1
Sudan,2301,2
Sudan,2107,2
Sudan,2300,2
Sudan,450,3
Sudan,461,2
Sudan,351,3
Sudan,140,3
Sudan,745,1
Sudan,2085,2
Sudan,2886,3
Sudan,117,3
Sudan,433,3
Sudan,2959,2
Sudan,477,2
Sudan,363,3
Sudan,2106,2
Sudan,2935,2
Sudan,2343,2
Sudan,458,2
Sudan,705,1
Sudan,2148,2
Sudan,95,2
Sudan,435,3
Sudan,352,3
Sudan,79,1
Sudan,155,3
Sudan,118,3
Sudan,664,1
Sudan,700,1
Sudan,708,1
Sudan,451,3
Sudan,2930,3
Sudan,1765,2
Sudan,448,3
Sudan,2972,2
Sudan,1740,2
Sudan,2968,2
Sudan,442,2
Sudan,495,1
Sudan,1994,3
Sudan,2358,2
Sudan,661,1
Sudan,13,1
Sudan,497,1
Sudan,330,3
Sudan,253,3
Sudan,446,3
Sudan,294,3
Sudan,2281,2
Sudan,2109,2
Sudan,1815,3
Sudan,587,1
Sudan,2147,2
Sudan,1764,2
Sudan,2898,3
Sudan,38,1
Sudan,479,2
Sudan,2108,2
Sudan,444,2
Sudan,2320,2
Sudan,2126,2
Sudan,542,1
Sudan,1771,2
Sudan,2397,2
Sudan,2715,2
Sudan,130,2
Sudan,107,3
Sudan,457,2
Sudan,2969,2
Sudan,695,1
Sudan,2112,2
Sudan,445,3
Sudan,610,1
Sudan,2940,2
Sudan,2826,3
Sudan,2127,2
Sudan,466,2
Sudan,100,3
Sudan,2102,2
Sudan,658,1
Sudan,1999,3
Sudan,1743,2
Sudan,472,2
Sudan,560,2
Sudan,4,1
Sudan,2340,2
Sudan,2125,2
Sudan,395,3
Sudan,2111,2
Sudan,85,3
Sudan,2018,3
Sudan,784,1
Sudan,652,1
Sudan,77,1
Sudan,2420,2
Sudan,2341,2
Sudan,2070,2
Sudan,138,3
Sudan,339,3
Sudan,354,3
Sudan,563,1
Sudan,2373,2
Sudan,2339,2
Sudan,452,2
Uganda,329,3
Uganda,330,1
Uganda,279,3
Uganda,276,3
Uganda,334,1
Uganda,327,3
Uganda,306,3
Uganda,60,3
Uganda,335,1
Uganda,273,3
Uganda,343,1
Uganda,331,1
Uganda,333,1
Uganda,286,3
Uganda,336,1
Uganda,337,1
Uganda,326,1
Uganda,332,1
Uganda,304,3
Uganda,302,3
Uganda,289,3
Uganda,301,3
Uganda,308,1
Uganda,342,1
Uganda,818,1
Uganda,812,1
Uganda,277,1
Uganda,823,1
Uganda,311,3
Uganda,287,3
Uganda,830,1
Uganda,66,3
Uganda,338,1
Uganda,20,1
Uganda,134,1
Uganda,267,3
Uganda,746,3
Uganda,816,1
Uganda,808,1
Uganda,67,3
Uganda,322,1
Uganda,59,3
Uganda,132,1
Uganda,792,1
Uganda,648,2
Uganda,274,3
Uganda,260,3
Uganda,294,1
Uganda,798,1
Uganda,834,1
Uganda,122,3
Uganda,285,3
Uganda,785,3
Uganda,130,1
Uganda,836,1
Uganda,291,1
Uganda,133,1
Uganda,314,1
Uganda,744,3
Uganda,471,2
Uganda,14,1
Uganda,117,2
Uganda,121,3
Uganda,645,2
Uganda,781,1
Uganda,253,3
Uganda,325,1
Uganda,837,1
Uganda,791,3
Uganda,328,1
Uganda,813,1
Uganda,118,2
Uganda,127,3
Uganda,646,2
Uganda,321,1
Uganda,63,3
Uganda,748,3
Uganda,809,1
Uganda,282,3
Uganda,296,1
Uganda,647,2
Uganda,125,3
Uganda,824,1
Uganda,111,2
Uganda,323,1
Uganda,95,2
Uganda,324,1
Uganda,469,2
Uganda,92,2
Uganda,747,3
Uganda,797,1
Uganda,783,3
Uganda,292,1
Uganda,131,3
Uganda,123,3
Uganda,807,1
Uganda,814,1
Uganda,299,1
Uganda,293,3
Uganda,829,1
Uganda,666,2
Uganda,233,3
Uganda,826,1
Uganda,310,1
Uganda,796,1
Uganda,305,1
Uganda,126,1
Uganda,822,1
Uganda,670,2
Uganda,554,2
Uganda,470,2
Uganda,801,1
Uganda,802,1
Uganda,831,1
Uganda,184,2
Uganda,312,1
Uganda,144,3
Uganda,317,1
Uganda,318,1
Uganda,112,2
Uganda,190,2
Uganda,749,3
Uganda,181,2
Uganda,300,3
Uganda,129,3
Uganda,145,3
Uganda,180,2
Uganda,124,3
Uganda,663,2
Uganda,684,2
Uganda,109,2
Uganda,316,1
Uganda,258,3
Uganda,313,1
Uganda,319,1
Uganda,741,3
Uganda,94,2
Uganda,320,1
Uganda,246,3
Uganda,803,1
Uganda,283,1
Uganda,821,1
Uganda,671,2
Uganda,340,1
Uganda,784,1
Uganda,265,3
Uganda,251,3
Uganda,825,1
Uganda,236,1
Uganda,764,1
Uganda,355,1
Uganda,188,2
Uganda,553,2
Uganda,185,2
Uganda,309,1
Uganda,200,2
Uganda,552,2
Uganda,833,1
Uganda,182,2
Uganda,790,1
Uganda,339,1
Uganda,108,2
Uganda,768,1
Uganda,686,2
Uganda,203,2
Uganda,806,1
Uganda,256,3
Uganda,91,2
Uganda,247,1
Uganda,201,2
Uganda,68,3
Uganda,315,1
Uganda,128,3
Uganda,194,2
Uganda,820,1
Uganda,763,1
Uganda,191,2
Uganda,193,2
Uganda,272,1
Uganda,774,3
Uganda,97,2
Uganda,347,1
Uganda,212,2
Uganda,687,2
Uganda,290,3
Uganda,176,2
Uganda,789,1
Uganda,226,3
Uganda,772,1
Uganda,150,3
Uganda,198,2
Uganda,220,2
Uganda,187,2
Uganda,669,2
Uganda,742,3
Uganda,199,2
Uganda,210,2
Uganda,114,2
Uganda,346,1
Uganda,835,1
Uganda,85,2
Uganda,760,3
Uganda,204,2
Uganda,237,3
Uganda,93,2
Uganda,828,1
Uganda,62,3
Uganda,750,1
Uganda,751,3
Uganda,341,1
Uganda,550,2
Uganda,786,1
Uganda,778,1
Uganda,754,3
Uganda,196,2
Uganda,89,2
Uganda,757,3
Uganda,780,1
Uganda,641,2
Uganda,280,1
Uganda,467,2
TAN_NR,153,1
TAN_NR,147,1
TAN_NR,152,1
TAN_NR,242,1
TAN_NR,183,1
TAN_NR,174,1
TAN_NR,185,1
TAN_NR,241,1
TAN_NR,149,1
TAN_NR,249,1
TAN_NR,184,1
TAN_NR,254,1
TAN_NR,248,1
TAN_NR,243,1
TAN_NR,245,1
TAN_NR,182,1
TAN_NR,150,1
TAN_NR,181,1
TAN_NR,170,1
TAN_NR,173,1
TAN_NR,237,1
TAN_NR,151,1
TAN_NR,239,1
TAN_NR,998,1
TAN_NR,650,1
TAN_NR,1004,1
TAN_NR,1002,1
TAN_NR,999,1
TAN_NR,240,1
TAN_NR,238,1
TAN_NR,179,1
TAN_NR,180,1
TAN_NR,172,1
TAN_CR,188,1
TAN_CR,257,1
TAN_CR,175,2
TAN_CR,176,2
TAN_CR,187,2
TAN_CR,168,1
TAN_CR,177,2
TAN_CR,165,1
TAN_CR,259,2
TAN_CR,91,2
TAN_CR,253,1
TAN_CR,252,2
TAN_CR,220,1
TAN_CR,213,1
TAN_CR,89,2
TAN_CR,247,1
TAN_CR,75,2
TAN_CR,587,2
TAN_CR,169,1
TAN_CR,69,2
TAN_CR,214,1
TAN_CR,164,1
TAN_CR,262,2
TAN_CR,70,2
TAN_CR,251,1
TAN_CR,232,1
TAN_CR,1172,2
TAN_CR,74,2
TAN_CR,88,2
TAN_CR,80,2
TAN_CR,260,1
TAN_CR,71,2
TAN_CR,94,2
TAN_CR,263,2
TAN_CR,231,1
TAN_CR,221,1
TAN_CR,186,2
TAN_CR,1087,2
TAN_CR,72,2
TAN_CR,588,2
TAN_CR,201,1
TAN_CR,92,2
TAN_CR,199,1
TAN_CR,90,2
TAN_CR,585,2
TAN_CR,582,2
TAN_CR,200,1
TAN_CR,656,1
TAN_CR,122,1
TAN_CR,102,2
TAN_CR,104,2
TAN_CR,217,1
TAN_CR,111,1
TAN_CR,159,1
TAN_CR,79,2
TAN_CR,85,2
TAN_CR,99,2
TAN_CR,218,1
TAN_CR,1020,1
TAN_CR,1086,2
TAN_CR,67,2
TAN_CR,250,1
TAN_CR,583,2
TAN_CR,586,2
TAN_CR,216,1
TAN_CR,1260,2
TAN_CR,112,1
TAN_CR,261,1
TAN_CR,598,1
TAN_CR,603,1
TAN_CR,569,2
TAN_CR,577,2
TAN_CR,655,1
TAN_CR,226,1
TAN_CR,222,1
TAN_CR,426,2
TAN_CR,93,2
TAN_CR,121,1
TAN_CR,604,1
TAN_CR,589,1
TAN_CR,86,2
TAN_CR,160,1
TAN_CR,157,1
TAN_CR,227,1
TAN_CR,87,2
TAN_CR,425,2
TAN_CR,73,2
TAN_CR,576,2
TAN_CR,615,1
TAN_CR,189,2
TAN_CR,590,1
TAN_CR,154,1
TAN_CR,1013,1
TAN_CR,675,1
TAN_CR,427,2
TAN_CR,190,2
TAN_CR,95,2
TAN_CR,244,1
TAN_CR,599,1
TAN_CR,97,2
TAN_CR,661,1
TAN_CR,1085,2
TAN_CR,101,2
TAN_CR,202,1
TAN_CR,68,2
TAN_CR,581,2
TAN_CR,81,2
TAN_CR,98,2
TAN_CR,424,2
TAN_CR,82,2
TAN_CR,433,2
TAN_CR,584,2
TAN_CR,1238,2
TAN_CR,614,1
TAN_CR,166,1
TAN_CR,416,2
TAN_CR,1213,2
TAN_CR,578,2
TAN_CR,606,1
TAN_CR,643,1
TAN_CR,178,2
TAN_CR,198,1
TAN_CR,592,1
TAN_CR,1016,1
TAN_CR,654,1
TAN_CR,1084,2
TAN_CR,280,2
TAN_CR,264,2
TAN_CR,212,1
TAN_CR,100,2
TAN_CR,78,2
TAN_CR,83,2
TAN_CR,1239,2
TAN_CR,141,1
TAN_CR,76,2
TAN_CR,1217,2
TAN_CR,1236,2
TAN_CR,1108,2
TAN_CR,132,1
TAN_CR,77,2
TAN_CR,674,1
TAN_CR,479,2
TAN_CR,1230,2
TAN_CR,1235,2
TAN_SWR,35,1
TAN_SWR,284,1
TAN_SWR,32,1
TAN_SWR,11,1
TAN_SWR,1211,1
TAN_SWR,289,1
TAN_SWR,31,1
TAN_SWR,18,1
TAN_SWR,34,1
TAN_SWR,372,1
TAN_SWR,341,1
TAN_SWR,346,1
TAN_SWR,375,1
TAN_SWR,27,1
TAN_SWR,22,1
TAN_SWR,26,1
TAN_SWR,1256,1
TAN_SWR,30,1
TAN_SWR,281,1
TAN_SWR,374,1
TAN_SWR,1255,1
TAN_SWR,366,1
TAN_SWR,373,1
TAN_SWR,342,1
TAN_SWR,397,1
TAN_SWR,10,1
TAN_SWR,367,1
TAN_SWR,17,1
TAN_SWR,21,1
TAN_SWR,328,1
TAN_SWR,376,1
TAN_SWR,347,1
TAN_SWR,1253,1
TAN_SWR,396,1
TAN_SWR,361,1
TAN_SWR,378,1
TAN_SWR,29,1
TAN_SWR,1231,1
TAN_SWR,343,1
TAN_SWR,369,1
TAN_SWR,1237,1
TAN_SWR,1177,1
TAN_LR,225,1
TAN_LR,211,1
TAN_LR,207,1
TAN_LR,109,1
TAN_LR,119,1
TAN_LR,105,1
TAN_LR,792,1
TAN_LR,208,1
TAN_LR,234,1
TAN_LR,107,1
TAN_LR,209,1
TAN_LR,210,1
TAN_LR,995,1
TAN_LR,118,1
TAN_LR,911,1
TAN_LR,775,1
TAN_LR,120,1
TAN_LR,219,1
TAN_LR,233,1
TAN_LR,128,1
TAN_LR,134,1
TAN_LR,223,1
TAN_LR,805,1
TAN_LR,108,1
TAN_LR,901,1
TAN_LR,910,1
TAN_LR,668,1
TAN_LR,673,1
TAN_LR,204,1
TAN_LR,969,1
TAN_LR,896,1
TAN_LR,670,1
TAN_LR,907,1
TAN_LR,224,1
TAN_LR,106,1
TAN_LR,791,1
TAN_LR,795,1
TAN_LR,235,1
TAN_LR,894,1
TAN_LR,110,1
TAN_LR,793,1
TAN_LR,953,1
TAN_LR,988,1
TAN_LR,739,1
TAN_LR,806,1
TAN_LR,916,1
TAN_LR,666,1
TAN_LR,772,1
TAN_LR,667,1
TAN_LR,844,1
TAN_LR,853,1
TAN_LR,897,1
TAN_LR,789,1
TAN_LR,794,1
TAN_LR,774,1
TAN_LR,770,1
TAN_LR,895,1
TAN_LR,918,1
TAN_LR,845,1
TAN_LR,849,1
